equity,drawdown
100000.0,0.0
100750.0,0.0
100547.49999999994,0.0
99842.49999999997,0.0
99273.54338230452,0.0
98208.07525942058,0.0
97045.57525942058,0.0
96929.32525942064,0.0
96815.8114272007,0.0
96558.13484177724,0.0
95871.88484177727,0.0
96621.88484177727,0.0
122801.38484177724,0.0
121766.3848417773,0.0
120866.3848417773,0.0
121616.3848417773,0.0
120933.88484177727,0.0
121683.88484177727,0.0
121533.31998795894,0.0
122283.31998795894,0.0
122200.81998795891,0.0
150875.85123795876,0.0
151625.85123795876,0.0
152375.85123795876,0.0
150902.1012379588,0.0
151652.1012379588,0.0
152402.1012379588,0.0
150878.7249743378,0.0
151628.7249743378,0.0
152378.7249743378,0.0
150972.4749743378,0.0
149525.95337933913,0.0
148871.15812139923,0.0
149621.15812139923,0.0
150371.15812139923,0.0
149774.90812139917,0.0
179487.75187139912,0.0
180237.75187139912,0.0
180987.75187139912,0.0
181737.75187139912,0.0
182487.75187139912,0.0
181685.25187139906,0.0
182435.25187139906,0.0
183185.25187139906,0.0
183935.25187139906,0.0
184685.25187139906,0.0
182622.75187139906,0.0
183372.75187139906,0.0
182814.0018713993,0.0
183564.0018713993,0.0
184314.0018713993,0.0
184107.7518713993,0.0
184857.7518713993,0.0
218245.31437139926,0.0
251636.4393713993,0.0
250222.68937139912,0.0
250972.68937139912,0.0
251722.68937139912,0.0
249097.68937139912,0.0
246236.439371399,0.0
279972.5643713989,0.0
278536.31437139877,0.0
276507.2681178686,0.0
274737.9393644766,0.0
275487.9393644766,0.0
276237.9393644766,0.0
274112.7208721797,0.0
306652.40837217966,0.0
338059.40837217955,0.0
338809.40837217955,0.0
340309.40837217955,0.0
341059.40837217955,0.0
336559.40837217955,0.0
401152.4083721794,0.0
400353.65837217955,0.0
401103.65837217955,0.0
401853.65837217955,0.0
402603.65837217955,0.0
403353.65837217955,0.0
399746.2032423567,0.0
399693.70324235666,0.0
398358.7032423567,0.0
394533.6178838013,0.0
395283.6178838013,0.0
392279.8546546193,0.0
390982.35465461935,0.0
391732.35465461935,0.0
392482.35465461935,0.0
389417.49443605554,0.0
386927.4944360555,0.0
383259.9944360559,0.0
380593.74443605565,0.0
380091.2444360559,0.0
380841.2444360559,0.0
381591.2444360559,0.0
379245.49414705526,0.0
376818.7928889957,0.0
373230.04288899584,0.0
371152.5428889961,0.0
371902.5428889961,0.0
372652.5428889961,0.0
373402.5428889961,0.0
374902.5428889961,0.0
376402.5428889961,0.0
408389.2928889962,0.0
440394.32413899613,0.0
531611.0116389964,0.0
561973.7303889964,0.0
562723.7303889964,0.0
563473.7303889964,0.0
559311.2303889964,0.0
554724.9803889964,0.0
549362.4803889964,0.0
544041.2303889964,0.0
544791.2303889964,0.0
546291.2303889964,0.0
543339.9803889965,0.0
544089.9803889965,0.0
544839.9803889965,0.0
607014.2303889967,0.0
731444.4803889967,0.0
761089.9178889968,0.0
790740.2303889968,0.0
791490.2303889968,0.0
792990.2303889968,0.0
786161.4803889967,0.0
781556.4803889967,0.0
776257.7303889967,0.0
777007.7303889967,0.0
772552.223144742,0.0
768527.2504983013,0.0
769277.2504983013,0.0
770777.2504983013,0.0
765519.7504983015,0.0
766269.7504983015,0.0
758866.5395313272,0.0
751426.5395313269,0.0
755176.5395313269,0.0
751299.039531327,0.0
752799.039531327,0.0
754299.039531327,0.0
756549.039531327,0.0
759549.039531327,0.0
762549.039531327,0.0
766299.039531327,0.0
796810.0707813267,0.0
797560.0707813267,0.0
792553.8207813267,0.0
785091.3207813267,0.0
778663.8207813264,0.0
780163.8207813264,0.0
783163.8207813264,0.0
783913.8207813264,0.0
783820.0707813264,0.0
785320.0707813264,0.0
786820.0707813264,0.0
788320.0707813264,0.0
789070.0707813264,0.0
784693.8207813265,0.0
776931.3207813265,0.0
771088.8207813264,0.0
771838.8207813264,0.0
772588.8207813264,0.0
773338.8207813264,0.0
774088.8207813264,0.0
769795.0707813262,0.0
767072.5707813265,0.0
768572.5707813265,0.0
771572.5707813265,0.0
772322.5707813265,0.0
773072.5707813265,0.0
773822.5707813265,0.0
774572.5707813265,0.002009925558313233
776072.5707813265,0.00900744416873478
779822.5707813265,0.00900744416873478
774460.0707813265,0.00900744416873478
807575.3832813266,0.00900744416873478
873881.9457813267,0.00900744416873478
874631.9457813267,0.00900744416873478
875381.9457813267,0.00900744416873478
876881.9457813267,0.00900744416873478
879131.9457813267,0.00900744416873478
873065.4786234592,0.00900744416873478
864895.4965430025,0.00900744416873478
865645.4965430025,0.00900744416873478
866395.4965430025,0.00900744416873478
859702.54977375,0.00900744416873478
853848.5420934883,0.00900744416873478
856848.5420934883,0.00900744416873478
857598.5420934883,0.00900744416873478
861348.5420934883,0.00900744416873478
862098.5420934883,0.00900744416873478
894828.9170934882,0.00900744416873478
887321.4170934883,0.00900744416873478
878846.4170934883,0.00900744416873478
880346.4170934883,0.00900744416873478
881846.4170934883,0.00900744416873478
883346.4170934883,0.00900744416873478
880336.6100504278,0.00900744416873478
877786.6100504268,0.00900744416873478
870446.6495635973,0.00900744416873478
863509.8247821335,0.00900744416873478
865009.8247821335,0.00900744416873478
867259.8247821335,0.00900744416873478
858586.8785245826,0.00900744416873478
861586.8785245826,0.00900744416873478
863836.8785245826,0.00900744416873478
866086.8785245826,0.00900744416873478
857180.6285245826,0.00900744416873478
848675.6285245827,0.00900744416873478
850175.6285245827,0.00900744416873478
843961.0817678452,0.00900744416873478
846211.0817678452,0.00900744416873478
1017506.3942678446,0.00900744416873478
1006870.6604094558,0.00900744416873478
1008370.6604094558,0.00900744416873478
1010620.6604094558,0.00900744416873478
1011370.6604094558,0.00900744416873478
1010245.6604094558,0.00900744416873478
1012495.6604094558,0.00900744416873478
1013995.6604094558,0.00900744416873478
1017745.6604094558,0.00900744416873478
1021495.6604094558,0.00900744416873478
1022995.6604094558,0.00900744416873478
1024495.6604094558,0.00900744416873478
1028245.6604094558,0.00900744416873478
1031995.6604094558,0.00900744416873478
1022864.4104094564,0.00900744416873478
1024364.4104094564,0.00900744416873478
1028114.4104094564,0.00900744416873478
1029614.4104094564,0.00900744416873478
1023820.6604094564,0.00900744416873478
1018521.9104094565,0.00900744416873478
1010069.4104094561,0.00900744416873478
1002694.3315043772,0.00900744416873478
1004194.3315043772,0.00900744416873478
993694.3315043772,0.00900744416873478
982834.331504377,0.00900744416873478
986584.331504377,0.00900744416873478
990334.331504377,0.00900744416873478
994084.331504377,0.00900744416873478
994834.331504377,0.00900744416873478
995584.331504377,0.00900744416873478
997084.331504377,0.00900744416873478
997834.331504377,0.00900744416873478
998584.331504377,0.00900744416873478
1002334.331504377,0.00900744416873478
1006084.331504377,0.00900744416873478
996884.7857109008,0.00900744416873478
988538.5174785405,0.00900744416873478
990038.5174785405,0.00900744416873478
993038.5174785405,0.00900744416873478
993788.5174785405,0.00900744416873478
994538.5174785405,0.00900744416873478
989427.2674785407,0.00900744416873478
993177.2674785407,0.00900744416873478
994677.2674785407,0.00900744416873478
985384.7674785405,0.00900744416873478
976823.5174785398,0.00900744416873478
978323.5174785398,0.00900744416873478
980573.5174785398,0.00900744416873478
982073.5174785398,0.00900744416873478
984323.5174785398,0.00900744416873478
985073.5174785398,0.00900744416873478
985823.5174785398,0.00900744416873478
988073.5174785398,0.00900744416873478
989573.5174785398,0.00900744416873478
992573.5174785398,0.00900744416873478
996323.5174785398,0.00900744416873478
999323.5174785398,0.00900744416873478
994228.4702163823,0.00900744416873478
996478.4702163823,0.00900744416873478
1165172.2202163832,0.00900744416873478
1232312.4077163832,0.00900744416873478
1234562.4077163832,0.00900744416873478
1236062.4077163832,0.00900744416873478
1237562.4077163832,0.00900744416873478
1239062.4077163832,0.00900744416873478
1229407.7889272966,0.00900744416873478
1231657.7889272966,0.00900744416873478
1220986.6040651868,0.00900744416873478
1221736.6040651868,0.00900744416873478
1223236.6040651868,0.00900744416873478
1219205.3540651868,0.00900744416873478
1207130.3540651868,0.00900744416873478
1196315.354065187,0.00900744416873478
1192921.6040651873,0.00900744416873478
1196671.6040651873,0.00900744416873478
1200421.6040651873,0.00900744416873478
1187791.6040651873,0.00900744416873478
1189291.6040651873,0.00900744416873478
1190791.6040651873,0.00900744416873478
1192291.6040651873,0.00900744416873478
1193791.6040651873,0.00900744416873478
1194541.6040651873,0.00900744416873478
1184214.1040651875,0.00900744416873478
1185714.1040651875,0.00900744416873478
1189464.1040651875,0.00900744416873478
1193214.1040651875,0.00900744416873478
1195464.1040651875,0.00900744416873478
1196964.1040651875,0.00900744416873478
1197714.1040651875,0.00900744416873478
1201464.1040651875,0.00900744416873478
1205214.1040651875,0.00900744416873478
1196334.1040651875,0.00900744416873478
1184667.5433291502,0.00900744416873478
1172103.7888964869,0.00900744416873478
1163733.7888964869,0.00900744416873478
1155048.7888964866,0.00900744416873478
1144698.7888964866,0.00900744416873478
1137573.7888964866,0.00900744416873478
1141323.7888964866,0.00900744416873478
1129680.0388964869,0.00900744416873478
1131180.0388964869,0.00900744416873478
1132680.0388964869,0.00900744416873478
1122667.5388964869,0.00900744416873478
1113336.1913913747,0.00900744416873478
1114086.1913913747,0.00900744416873478
1107126.1913913747,0.00900744416873478
1098786.191391375,0.00900744416873478
1099536.191391375,0.00900744416873478
1101036.191391375,0.00900744416873478
1101786.191391375,0.00900744416873478
1103286.191391375,0.00900744416873478
1097003.8444417221,0.00900744416873478
1092013.9914848697,0.00900744416873478
1093513.9914848697,0.00900744416873478
1089617.7414848697,0.00900744416873478
1090367.7414848697,0.00900744416873478
1091117.7414848697,0.00900744416873478
1092617.7414848697,0.00900744416873478
1093367.7414848697,0.00900744416873478
1094117.7414848697,0.00900744416873478
1087686.4914848693,0.00900744416873478
1089186.4914848693,0.00900744416873478
1089936.4914848693,0.00900744416873478
1085511.4914848693,0.00900744416873478
1079323.9914848693,0.00900744416873478
1077846.3554848374,0.00900744416873478
1078596.3554848374,0.00900744416873478
1080096.3554848374,0.00900744416873478
1076421.3554848363,0.00900744416873478
1077171.3554848363,0.00900744416873478
1078671.3554848363,0.00900744416873478
1080921.3554848363,0.00900744416873478
1083921.3554848363,0.00900744416873478
1078270.1054848363,0.00900744416873478
1074643.855484836,0.00900744416873478
1069750.105484836,0.00900744416873478
1073500.105484836,0.00900744416873478
1074250.105484836,0.00900744416873478
1075000.105484836,0.00900744416873478
1076500.105484836,0.00900744416873478
1112703.8242348358,0.00900744416873478
1113453.8242348358,0.00900744416873478
1114203.8242348358,0.00900744416873478
1115703.8242348358,0.00900744416873478
1116453.8242348358,0.00900744416873478
1117203.8242348358,0.00900744416873478
1117953.8242348358,0.00900744416873478
1121703.8242348358,0.00900744416873478
1123953.8242348358,0.00900744416873478
1126203.8242348358,0.00900744416873478
1126953.8242348358,0.00900744416873478
1120303.3355080474,0.00900744416873478
1124053.3355080474,0.00900744416873478
1119538.3355080471,0.00900744416873478
1114843.3355080467,0.00900744416873478
1109675.8355080467,0.00900744416873478
1110425.8355080467,0.00900744416873478
1111175.8355080467,0.00900744416873478
1107628.3355080467,0.00900744416873478
1103900.8355080467,0.00900744416873478
1098545.835508047,0.00900744416873478
1099295.835508047,0.00900744416873478
1103045.835508047,0.00900744416873478
1099802.0855080478,0.00900744416873478
1096370.8355080488,0.00900744416873478
1097870.8355080488,0.00900744416873478
1099370.8355080488,0.00900744416873478
1100870.8355080488,0.00900744416873478
1102370.8355080488,0.00900744416873478
1099475.2780310828,0.00900744416873478
1094652.9358915929,0.00900744416873478
1088596.6858915924,0.00900744416873478
1082292.0914152798,0.00900744416873478
1081767.0914152798,0.00900744416873478
1085517.0914152798,0.00900744416873478
1081122.0914152798,0.00900744416873478
1076637.09141528,0.00900744416873478
1076172.0914152802,0.00900744416873478
1077672.0914152802,0.00900744416873478
1078422.0914152802,0.00900744416873478
1080672.0914152802,0.00900744416873478
1075272.0914152802,0.00900744416873478
1076022.0914152802,0.00900744416873478
1076772.0914152802,0.00900744416873478
1077522.0914152802,0.00900744416873478
1078272.0914152802,0.00900744416873478
1079022.0914152802,0.00900744416873478
1080522.0914152802,0.00900744416873478
1082772.0914152802,0.00900744416873478
1084272.0914152802,0.00900744416873478
1086522.0914152802,0.00900744416873478
1088022.0914152802,0.00900744416873478
1083612.0914152805,0.00900744416873478
1080795.8414152805,0.00900744416873478
1081545.8414152805,0.00900744416873478
1082295.8414152805,0.00900744416873478
1086045.8414152805,0.00900744416873478
1081489.59141528,0.00900744416873478
1083739.59141528,0.00900744416873478
1084489.59141528,0.00900744416873478
1085239.59141528,0.00900744416873478
1085989.59141528,0.00900744416873478
1122821.52891528,0.00900744416873478
1117639.02891528,0.00900744416873478
1189743.4664152795,0.00900744416873478
1261844.1539152795,0.00900744416873478
1262594.1539152795,0.00900744416873478
1263344.1539152795,0.00900744416873478
1264844.1539152795,0.00900744416873478
1266344.1539152795,0.00900744416873478
1260104.1539152798,0.00900744416873478
1255397.90391528,0.00900744416873478
1256147.90391528,0.00900744416873478
1256897.90391528,0.00900744416873478
1260647.90391528,0.00900744416873478
1254422.9039152805,0.00900744416873478
1255172.9039152805,0.00900744416873478
1255922.9039152805,0.00900744416873478
1367400.27891528,0.00900744416873478
1442632.4039152795,0.00900744416873478
1444132.4039152795,0.00900744416873478
1445632.4039152795,0.00900744416873478
1446382.4039152795,0.00900744416873478
1447882.4039152795,0.00900744416873478
1450132.4039152795,0.00900744416873478
1450882.4039152795,0.00900744416873478
1446569.9039152795,0.00900744416873478
1447319.9039152795,0.00900744416873478
1448069.9039152795,0.00900744416873478
1448819.9039152795,0.00900744416873478
1449569.9039152795,0.00900744416873478
1450319.9039152795,0.00900744416873478
1442036.1563512676,0.00900744416873478
1433500.7910446678,0.00900744416873478
1426615.7910446676,0.00900744416873478
1427365.7910446676,0.00900744416873478
1428115.7910446676,0.00900744416873478
1547789.634794667,0.00900744416873478
1538789.634794667,0.00900744416873478
1536779.6347946667,0.00900744416873478
1537529.6347946667,0.00900744416873478
1531402.1347946667,0.00900744416873478
1532902.1347946667,0.00900744416873478
1523872.1347946671,0.00900744416873478
1517253.384794668,0.00900744416873478
1518753.384794668,0.00900744416873478
1511425.8847946683,0.00900744416873478
1504443.3847946683,0.00900744416873478
1500205.8847946685,0.00900744416873478
1501705.8847946685,0.00900744416873478
1505455.8847946685,0.00900744416873478
1498008.9852038736,0.00900744416873478
1490854.120891149,0.00900744416873478
1491604.120891149,0.00900744416873478
1492354.120891149,0.00900744416873478
1486564.1208911487,0.00900744416873478
1481569.1208911487,0.00900744416873478
1482319.1208911487,0.00900744416873478
1483069.1208911487,0.00900744416873478
1483819.1208911487,0.00900744416873478
1478851.4563240057,0.00900744416873478
1472728.542057731,0.00900744416873478
1473478.542057731,0.00900744416873478
1474228.542057731,0.00900744416873478
1474978.542057731,0.00900744416873478
1475728.542057731,0.00900744416873478
1470002.292057731,0.00900744416873478
1464407.292057731,0.00900744416873478
1465157.292057731,0.00900744416873478
1459153.5420577307,0.00900744416873478
1459903.5420577307,0.00900744416873478
1454376.658846753,0.00900744416873478
1455126.658846753,0.00900744416873478
1451264.158846753,0.00900744416873478
1452014.158846753,0.00900744416873478
1453514.158846753,0.00900744416873478
1454264.158846753,0.00900744416873478
1455014.158846753,0.00900744416873478
1452651.6588467532,0.00900744416873478
1454151.6588467532,0.00900744416873478
1457901.6588467532,0.00900744416873478
1451909.1588467532,0.00900744416873478
1453409.1588467532,0.00900744416873478
1445175.1318600322,0.00900744416873478
1438835.5134826037,0.00900744416873478
1441085.5134826037,0.00900744416873478
1442585.5134826037,0.00900744416873478
1445585.5134826037,0.00900744416873478
1446335.5134826037,0.00900744416873478
1447835.5134826037,0.00900744416873478
1448585.5134826037,0.00900744416873478
1449335.5134826037,0.00900744416873478
1450085.5134826037,0.00900744416873478
1450835.5134826037,0.00900744416873478
1445015.5134826037,0.00900744416873478
1445765.5134826037,0.00900744416873478
1446515.5134826037,0.00900744416873478
1440238.0134826037,0.00900744416873478
1433596.7634826037,0.00900744416873478
1425736.7634826035,0.00900744416873478
1417876.7634826032,0.00900744416873478
1628109.2634826028,0.00900744416873478
1838463.1697326037,0.00900744416873478
1839963.1697326037,0.00900744416873478
1832913.1697326037,0.00900744416873478
1824723.169732604,0.00900744416873478
1816600.6697326042,0.00900744416873478
1899399.357232604,0.00900744416873478
2106738.2634826032,0.00900744416873478
2108238.2634826032,0.00900744416873478
2101132.4411947923,0.00900744416873478
2088710.3218966452,0.00900744416873478
2090960.3218966452,0.00900744416873478
2093210.3218966452,0.00900744416873478
2096960.3218966452,0.00900744416873478
2084840.3218966448,0.00900744416873478
2079601.5718966445,0.00900744416873478
2069319.0075441918,0.00900744416873478
2073069.0075441918,0.00900744416873478
2076819.0075441918,0.00900744416873478
2067774.0075441913,0.00900744416873478
2068524.0075441913,0.00900744416873478
2069274.0075441913,0.00900744416873478
2061225.3254402603,0.00900744416873478
2103404.85669026,0.00900744416873478
2104154.85669026,0.00900744416873478
2104904.85669026,0.00900744416873478
2108654.85669026,0.00900744416873478
2112404.85669026,0.00900744416873478
2238731.3879402597,0.00900744416873478
2323167.325440259,0.00900744416873478
2323917.325440259,0.00900744416873478
2324667.325440259,0.00900744416873478
2325417.325440259,0.00900744416873478
2326167.325440259,0.00900744416873478
2320096.075440259,0.00900744416873478
2321596.075440259,0.00900744416873478
2322346.075440259,0.00900744416873478
2323846.075440259,0.00900744416873478
2326096.075440259,0.00900744416873478
2369927.669190259,0.00900744416873478
2457556.919190259,0.00900744416873478
2459056.919190259,0.00900744416873478
2459806.919190259,0.00900744416873478
2450529.4191902587,0.00900744416873478
2438435.6691902587,0.00900744416873478
2441435.6691902587,0.00900744416873478
2444435.6691902587,0.00900744416873478
2440604.934829351,0.00900744416873478
2441354.934829351,0.00900744416873478
2442104.934829351,0.00900744416873478
2443604.934829351,0.00900744416873478
2445104.934829351,0.00900744416873478
2446604.934829351,0.00900744416873478
2449604.934829351,0.00900744416873478
2453354.934829351,0.00900744416873478
2474032.434829351,0.00900744416873478
2475532.434829351,0.00900744416873478
2479282.434829351,0.00900744416873478
2480782.434829351,0.00900744416873478
2483782.434829351,0.00900744416873478
2486782.434829351,0.00900744416873478
2476199.934829351,0.00900744416873478
2466742.434829351,0.00900744416873478
2468242.434829351,0.00900744416873478
2471242.434829351,0.00900744416873478
2464061.184829351,0.00900744416873478
2464811.184829351,0.00900744416873478
2466311.184829351,0.00900744416873478
2467811.184829351,0.00900744416873478
2469311.184829351,0.00900744416873478
2473061.184829351,0.00900744416873478
2474561.184829351,0.00900744416873478
2468392.4348293506,0.00900744416873478
2454359.9348293506,0.00900744416873478
2639406.3098293496,0.00900744416873478
2824452.6848293487,0.00900744416873478
2812302.6848293496,0.00900744416873478
2800152.6848293506,0.00900744416873478
2821088.9348293506,0.00900744416873478
2822588.9348293506,0.00900744416873478
2824088.9348293506,0.00900744416873478
2825588.9348293506,0.00900744416873478
2827088.9348293506,0.00900744416873478
2812791.1518651606,0.00900744416873478
2815791.1518651606,0.00900744416873478
2804698.6518651606,0.00900744416873478
2805448.6518651606,0.00900744416873478
2806198.6518651606,0.00900744416873478
2807698.6518651606,0.00900744416873478
2809948.6518651606,0.00900744416873478
2796201.151865161,0.00900744416873478
2798451.151865161,0.00900744416873478
2801451.151865161,0.00900744416873478
2805201.151865161,0.00900744416873478
2791581.1518651615,0.00900744416873478
2793081.1518651615,0.014654656255042016
3030966.1518651606,0.025230022239001646
3033966.1518651606,0.025230022239001646
3037716.1518651606,0.025230022239001646
3021243.650934113,0.025230022239001646
3003759.7774905567,0.025230022239001646
3245752.433740557,0.025230022239001646
3487745.0899905576,0.025230022239001646
3490745.0899905576,0.025230022239001646
3476521.078121065,0.025230022239001646
3473802.328121065,0.025230022239001646
3477552.328121065,0.025230022239001646
3470033.5781210656,0.025230022239001646
3467298.146814407,0.025230022239001646
3462385.6468144073,0.025230022239001646
3697431.4280644073,0.025230022239001646
3838135.7405644073,0.025230022239001646
3841885.7405644073,0.025230022239001646
3845635.7405644073,0.025230022239001646
3848635.7405644073,0.025230022239001646
3830050.7405644073,0.025230022239001646
3813306.9905644082,0.025230022239001646
3802563.240564409,0.025230022239001646
3806313.240564409,0.025230022239001646
3810063.240564409,0.025230022239001646
3809481.9905644096,0.025230022239001646
3811731.9905644096,0.025230022239001646
3815481.9905644096,0.025230022239001646
3817731.9905644096,0.025230022239001646
3820731.9905644096,0.025230022239001646
3800997.7537293574,0.025230022239001646
3782239.173240778,0.025230022239001646
3780401.6732407776,0.025230022239001646
3760501.2582193185,0.025230022239001646
3762001.2582193185,0.025230022239001646
3765001.2582193185,0.025230022239001646
3768001.2582193185,0.025230022239001646
3771001.2582193185,0.025230022239001646
3753226.2582193185,0.025230022239001646
3738136.2582193175,0.025230022239001646
3739636.2582193175,0.025230022239001646
3741886.2582193175,0.025230022239001646
3745636.2582193175,0.025230022239001646
3726856.258219318,0.025230022239001646
3705387.508219318,0.025230022239001646
3709137.508219318,0.025230022239001646
3696331.2582193175,0.025230022239001646
3689855.0082193175,0.025230022239001646
3678417.5082193175,0.025230022239001646
3665461.258219318,0.025230022239001646
3651080.0082193185,0.025230022239001646
3644026.258219319,0.025230022239001646
3630845.00821932,0.025230022239001646
3612545.00821932,0.025230022239001646
3614045.00821932,0.025230022239001646
3599622.50821932,0.025230022239001646
3586707.5082193194,0.025230022239001646
3571370.0082193203,0.025230022239001646
3572870.0082193203,0.025230022239001646
3574370.0082193203,0.025230022239001646
3576620.0082193203,0.025230022239001646
3564455.0082193203,0.025230022239001646
3548930.00821932,0.025230022239001646
3551180.00821932,0.025230022239001646
3554930.00821932,0.025230022239001646
3777310.1644693203,0.025230022239001646
3779560.1644693203,0.025230022239001646
3761166.4144693203,0.025230022239001646
3764166.4144693203,0.025230022239001646
3852915.0394693203,0.025230022239001646
3835207.5394693203,0.025230022239001646
3825645.0394693203,0.025230022239001646
3827895.0394693203,0.025230022239001646
3830145.0394693203,0.025230022239001646
3813056.2894693203,0.03676848377746318
3816806.2894693203,0.03792232993130876
3794791.402545176,0.03792232993130876
3797041.402545176,0.03792232993130876
3798541.402545176,0.03792232993130876
3931365.6525451764,0.03792232993130876
3933615.6525451764,0.03792232993130876
3935115.6525451764,0.03792232993130876
3937365.6525451764,0.03792232993130876
3941115.6525451764,0.03792232993130876
3927143.1525451764,0.03792232993130876
3930893.1525451764,0.03792232993130876
3933143.1525451764,0.03792232993130876
3918405.6525451764,0.03792232993130876
3922155.6525451764,0.03792232993130876
3925905.6525451764,0.03792232993130876
4140649.402545177,0.03792232993130876
4355382.840045177,0.03792232993130876
4345900.575284285,0.03792232993130876
4335997.516984604,0.03792232993130876
4338247.516984604,0.03792232993130876
4341247.516984604,0.03792232993130876
4344997.516984604,0.03792232993130876
4347247.516984604,0.03792232993130876
4338453.766984605,0.03792232993130876
4342203.766984605,0.03792232993130876
4509561.766984604,0.03792232993130876
4511811.766984604,0.03792232993130876
4514811.766984604,0.03792232993130876
4517811.766984604,0.03792232993130876
4501004.515973251,0.03792232993130876
4504754.515973251,0.03792232993130876
4508504.515973251,0.03792232993130876
4510754.515973251,0.03792232993130876
4732126.859723252,0.03792232993130876
4953601.390973252,0.03792232993130876
4942951.390973253,0.03792232993130876
4932301.390973254,0.03792232993130876
5150713.578473254,0.03792232993130876
5369213.422223253,0.03792232993130876
5372963.422223253,0.03792232993130876
5376713.422223253,0.03792232993130876
5380463.422223253,0.03792232993130876
5384213.422223253,0.03792232993130876
5387963.422223253,0.03792232993130876
5391713.422223253,0.03792232993130876
5395463.422223253,0.03792232993130876
5399213.422223253,0.03792232993130876
5402963.422223253,0.03792232993130876
5406713.422223253,0.03792232993130876
5410463.422223253,0.03792232993130876
5413463.422223253,0.03792232993130876
5417213.422223253,0.03792232993130876
5420963.422223253,0.03792232993130876
5423963.422223253,0.03792232993130876
5426963.422223253,0.03792232993130876
5430713.422223253,0.03792232993130876
5434463.422223253,0.03792232993130876
5479857.172223253,0.03792232993130876
5482107.172223253,0.03792232993130876
5484357.172223253,0.03792232993130876
5488107.172223253,0.03792232993130876
5481094.672223253,0.03792232993130876
5484844.672223253,0.03792232993130876
5474734.267624137,0.03792232993130876
5477734.267624137,0.03792232993130876
5481484.267624137,0.03792232993130876
5485234.267624137,0.03792232993130876
5488984.267624137,0.03792232993130876
5461459.267624137,0.03792232993130876
5434249.267624137,0.03792232993130876
5437249.267624137,0.03792232993130876
5440249.267624137,0.03792232993130876
5443999.267624137,0.03792232993130876
5447749.267624137,0.03904901809230081
5451499.267624137,0.03904901809230081
5455249.267624137,0.03904901809230081
5427459.638084201,0.03904901809230081
5397669.764372025,0.03904901809230081
5369289.764372025,0.03904901809230081
5343002.264372026,0.03904901809230081
5346752.264372026,0.03904901809230081
5350502.264372026,0.03904901809230081
5584491.951872024,0.03904901809230081
5818481.639372022,0.03904901809230081
5822231.639372022,0.03904901809230081
5800904.484687452,0.03904901809230081
5804654.484687452,0.03904901809230081
5792954.484687452,0.03904901809230081
5781254.484687452,0.03904901809230081
5781254.484687452,0.03904901809230081
5785004.484687452,0.03904901809230081
5788754.484687452,0.03904901809230081
5792504.484687452,0.03904901809230081
5796254.484687452,0.03904901809230081
6034485.890937453,0.03904901809230081
6272688.703437453,0.03904901809230081
6249212.122474927,0.03904901809230081
6227232.662334462,0.03904901809230081
6200007.662334463,0.03904901809230081
6172782.662334464,0.03904901809230081
6176532.662334464,0.03904901809230081
6165920.162334463,0.03904901809230081
6156095.162334463,0.03904901809230081
6159845.162334463,0.03904901809230081
6163595.162334463,0.03904901809230081
6167345.162334463,0.03904901809230081
6171095.162334463,0.03904901809230081
6174845.162334463,0.03904901809230081
6178595.162334463,0.03904901809230081
6182345.162334463,0.03904901809230081
6186095.162334463,0.03904901809230081
6189845.162334463,0.03904901809230081
6193595.162334463,0.03904901809230081
6197345.162334463,0.03904901809230081
6201095.162334463,0.03904901809230081
6204845.162334463,0.03904901809230081
6208595.162334463,0.03904901809230081
6212345.162334463,0.03904901809230081
6216095.162334463,0.04160660206672716
6219845.162334463,0.04160660206672716
6223595.162334463,0.04160660206672716
6205107.662334463,0.04160660206672716
6178388.912334463,0.04160660206672716
6165188.912334463,0.04160660206672716
6168938.912334463,0.04160660206672716
6172688.912334463,0.04160660206672716
6141470.162334463,0.04160660206672716
6114488.912334463,0.04160660206672716
6346695.943584462,0.04160660206672716
6579263.912334461,0.04160660206672716
6583013.912334461,0.04160660206672716
6586763.912334461,0.04160660206672716
6590513.912334461,0.04160660206672716
6594263.912334461,0.04160660206672716
6598013.912334461,0.04160660206672716
6601763.912334461,0.04160660206672716
6605513.912334461,0.04160660206672716
6609263.912334461,0.04160660206672716
6613013.912334461,0.04160660206672716
6616763.912334461,0.04160660206672716
6596457.66233446,0.04160660206672716
6575495.162334461,0.04160660206672716
6562707.662334462,0.04160660206672716
6543961.680427026,0.04160660206672716
6525950.835064979,0.04160660206672716
6529700.835064979,0.04160660206672716
6533450.835064979,0.04160660206672716
6537200.835064979,0.04160660206672716
6540950.835064979,0.04160660206672716
6533938.335064979,0.04160660206672716
6537688.335064979,0.04160660206672716
6541438.335064979,0.04160660206672716
6545188.335064979,0.04160660206672716
6548938.335064979,0.04160660206672716
6515300.83506498,0.04160660206672716
6515150.835064979,0.04160660206672716
6517400.835064979,0.04160660206672716
6507669.585064979,0.04160660206672716
6509919.585064979,0.04160660206672716
6513669.585064979,0.04160660206672716
6517419.585064979,0.04160660206672716
6521169.585064979,0.04160660206672716
6524919.585064979,0.04160660206672716
6528669.585064979,0.04160660206672716
6511025.835064979,0.04160660206672716
6503582.08506498,0.04160660206672716
6493280.0367252575,0.04160660206672716
6488367.536725258,0.04160660206672716
6492117.536725258,0.04160660206672716
6495117.536725258,0.04160660206672716
6498867.536725258,0.04160660206672716
6501867.536725258,0.04160660206672716
6505617.536725258,0.04160660206672716
6509367.536725258,0.04160660206672716
6513117.536725258,0.04160660206672716
6487973.786725258,0.04160660206672716
6468305.036725258,0.04160660206672716
6472055.036725258,0.04160660206672716
6475805.036725258,0.04160660206672716
6466692.536725258,0.04160660206672716
6457580.036725258,0.04160660206672716
