timestamp,year,month,day,hour,minute,day_of_week,action,price,stop,target,rr,setup,regime,close,atr_pct,rsi,adx,macd,macd_hist,bb_position,bb_width,mom10,mom20,dist_ema9,dist_ema21,dist_ema50,trend_up,trend_down,drawdown_pct,daily_trades,portfolio_heat,win_streak,loss_streak,recent_win_rate,technical_score,sentiment_score,ml_score,final_score,disaster_flag,executed,trade_won,pnl,exit_reason,signal_id
2025-01-06 15:00:00+05:30,2025,1,6,15,0,0,SELL,23585.6,23635.6,23435.6,3.0,trend_bounce_sell,STRONG_DOWNTREND,23585.6,0.2910371461521327,40.76147655188184,50.42028953497411,-92.97703062919027,-43.54068572576239,0.2037477734763973,0.01728933940759825,-0.6524715149217597,-1.831788459857575,-0.2173348122726959,-0.5675706491904298,-1.036196103251552,0,1,0.0,0,0.0,0,0,0.5,80.0,0.33333333333333326,20.0,100.33333333333333,False,True,False,-3750.0,STOP_HIT,1520
2025-01-09 12:45:00+05:30,2025,1,9,12,45,3,SELL,23536.75,23586.75,23386.75,3.0,trend_bounce_sell,STRONG_DOWNTREND,23536.75,0.15321025326654886,31.01740007651661,39.669248039233715,-38.43276641772536,-1.57278942376675,0.18780918007852646,0.009586145016494905,-0.3954685106347,-0.5226031681628385,-0.10847563914200276,-0.21427693271345305,-0.3830067867190312,0,1,3.75,0,0.0,0,1,0.0,63.80154882354023,0.33333333333333326,20.0,84.13488215687356,False,True,True,11250.0,TARGET_HIT,1522
2025-01-10 15:30:00+05:30,2025,1,10,15,30,4,SELL,23437.35,23487.35,23287.35,3.0,trend_bounce_sell,STRONG_DOWNTREND,23437.35,0.17228300737315175,31.474514254810614,30.827670036515567,-41.67539737875268,-2.173449152598927,0.24892402527155208,0.008325590422013973,-0.34186943904073175,-0.003626558353464482,-0.035167258162438486,-0.14234998881451633,-0.32788006199162556,0,1,0.0,0,0.0,1,0,0.5,58.49660202190934,0.33333333333333326,20.0,78.82993535524267,False,True,True,11250.0,TARGET_HIT,1524
2025-01-16 09:45:00+05:30,2025,1,16,9,45,3,BUY,23310.85,23260.85,23460.85,3.0,trend_pullback_buy,STRONG_UPTREND,23310.85,0.19140381900641654,58.71629160998725,32.668088279332395,2.5794867017611978,15.830655334127862,0.9064813569283078,0.008719577977750852,0.5657967963347055,0.27336507895541207,0.18726134301607633,0.30722017521020994,0.3436493838070209,1,0,0.0,0,0.0,2,0,0.6666666666666666,69.60085296759944,0.33333333333333326,20.0,89.93418630093277,False,True,False,-3750.0,STOP_HIT,1525
2025-01-21 11:30:00+05:30,2025,1,21,11,30,1,SELL,23197.35,23247.35,23047.35,3.0,trend_bounce_sell,STRONG_DOWNTREND,23197.35,0.23942082054323194,34.74475823463435,31.997616569240183,-6.35316193764811,-20.044909865068043,0.23528535726774244,0.01485865564704791,-0.5986189342697568,-0.6950003638745428,-0.06153619346470629,-0.25536766174328873,-0.30696000851184735,0,1,3.1578947368421053,0,0.0,0,1,0.5,59.19856994154411,0.33333333333333326,20.0,79.53190327487744,False,True,False,-3750.0,STOP_HIT,1529
2025-01-22 12:15:00+05:30,2025,1,22,12,15,2,SELL,23013.4,23063.4,22863.4,3.0,trend_bounce_sell,STRONG_DOWNTREND,23013.4,0.1960038188930977,39.8304397916615,33.69483944245106,-56.95838337971145,-14.207085283864316,0.19779932373850903,0.00844537203266782,-0.38890632270350833,-0.8763032022001127,-0.17099821381203473,-0.3330558600216693,-0.610708816296468,0,1,6.315789473684211,0,0.0,0,2,0.4,65.21690366547064,0.33333333333333326,20.0,85.55023699880397,False,True,False,-3750.0,STOP_HIT,1530
2025-01-23 11:45:00+05:30,2025,1,23,11,45,3,BUY,23217.6,23167.6,23367.6,3.0,trend_pullback_buy,STRONG_UPTREND,23217.6,0.1498093810606734,61.89662037911423,37.84571703869399,7.480248781706905,25.631089993086817,0.685833298893965,0.012663553936988165,0.47799057867368155,0.922830825940113,0.03191730288794048,0.18899035078707715,0.25705301667326985,1,0,9.473684210526317,0,0.0,0,3,0.3333333333333333,62.70743022321639,0.33333333333333326,20.0,83.04076355654973,False,True,False,-3750.0,STOP_HIT,1533
2025-01-27 12:30:00+05:30,2025,1,27,12,30,0,SELL,22866.3,22916.3,22716.3,3.0,trend_bounce_sell,STRONG_DOWNTREND,22866.3,0.28443292405980175,30.822488827382998,64.33079950618885,-81.73249821288482,-31.742255775979565,0.2576928115657144,0.017147052935967202,-0.45449202679936906,-1.1924078255139414,-0.15565912022719175,-0.4383406051082783,-0.8519173925224499,0,1,12.631578947368421,0,0.0,0,4,0.2857142857142857,70.0,0.33333333333333326,20.0,90.33333333333333,False,True,True,2625.0,STOP_HIT,1534
2025-01-31 09:30:00+05:30,2025,1,31,9,30,4,BUY,23349.45,23299.45,23499.45,3.0,trend_pullback_buy,STRONG_UPTREND,23349.45,0.20032591774110375,62.55447395934045,35.157468472229205,50.106193772480765,0.8699088538292941,0.9941955903462393,0.008828382949085532,0.5380094296970839,0.26257820450612535,0.31050237584553386,0.4362363782587808,0.6649675018023826,1,0,10.421052631578947,0,0.0,1,0,0.375,59.79356962163046,0.33333333333333326,20.0,80.1269029549638,False,True,True,11250.0,TARGET_HIT,1538
2025-01-31 13:45:00+05:30,2025,1,31,13,45,4,BUY,23481.8,23431.8,23631.8,3.0,trend_pullback_buy,STRONG_UPTREND,23481.8,0.1351198435749015,68.06668523329625,54.58745443441486,88.24807165953825,15.11439477418169,0.7444646251977333,0.010541029014005958,0.3347797012833498,0.7891252234638602,0.03955925756977674,0.2796756813794765,0.6964278032279836,1,0,0.9473684210526316,1,0.0,2,0,0.4444444444444444,65.0,0.33333333333333326,20.0,85.33333333333333,False,True,True,2625.0,STOP_HIT,1540
2025-02-04 10:30:00+05:30,2025,2,4,10,30,1,BUY,23459.2,23409.2,23609.2,3.0,trend_pullback_buy,STRONG_UPTREND,23459.2,0.2217527817292502,62.775514759221025,36.55474751828262,38.53484005189239,13.623464971293682,0.6828794875428467,0.015813473308939917,0.45970661853345085,0.6839099822531169,-0.034523854834578316,0.171857326108249,0.3566907619019899,1,0,0.0,0,0.0,3,0,0.5,66.93284851096956,0.33333333333333326,20.0,87.26618184430289,False,True,True,11250.0,TARGET_HIT,1541
2025-02-04 13:00:00+05:30,2025,2,4,13,0,1,BUY,23640.05,23590.05,23790.05,3.0,trend_pullback_buy,STRONG_UPTREND,23640.05,0.21836429521692147,61.50285290258744,39.82244169716768,65.78550895337685,21.878076246884902,0.8795777807731225,0.014908519884241626,0.7709129041058471,1.2341634602826002,0.2794870390730564,0.542340665831964,0.8630266190761793,1,0,0.0,1,0.0,4,0,0.6,68.89346501830062,0.33333333333333326,20.0,89.22679835163395,False,True,True,11250.0,TARGET_HIT,1545
2025-02-05 10:00:00+05:30,2025,2,5,10,0,2,BUY,23746.4,23696.4,23896.4,3.0,trend_pullback_buy,STRONG_UPTREND,23746.4,0.21109966743831335,64.91350195231352,57.53997595339028,100.93322652691495,20.534028322815402,0.7458268497920848,0.012187564604786334,0.40081854927362937,0.8759483776688448,0.05553289400550554,0.3229051434152641,0.7994407076911347,1,0,0.0,0,0.0,5,0,0.6,75.0,0.33333333333333326,20.0,95.33333333333333,False,True,False,-3750.0,STOP_HIT,1546
2025-02-10 11:15:00+05:30,2025,2,10,11,15,0,SELL,23392.15,23442.15,23242.15,3.0,trend_bounce_sell,STRONG_DOWNTREND,23392.15,0.21980817130044608,41.53066543720223,29.323082216112102,-53.4022369573795,-19.71054633506494,0.22209688499467112,0.012300233117983155,-0.7257094234005224,-0.7012673327008168,-0.11255401920526875,-0.3220802635211184,-0.5867292604429863,0,1,2.626970227670753,0,0.0,0,1,0.5,67.59384932966726,0.33333333333333326,20.0,87.9271826630006,False,True,True,2625.0,STOP_HIT,1548
2025-02-12 10:45:00+05:30,2025,2,12,10,45,2,SELL,22923.05,22973.05,22773.05,3.0,trend_bounce_sell,STRONG_DOWNTREND,22923.05,0.2795533005300001,36.1183575758891,64.36849860259768,-136.02332525224483,-25.922805683688793,0.3019813235940264,0.01900102186138138,-0.5755614109278606,-1.3901196754738443,-0.0012438841169526427,-0.39235987748693635,-1.038497974314323,0,1,0.7880910683012259,0,0.0,1,0,0.6,75.0,0.33333333333333326,20.0,95.33333333333333,False,True,False,-3750.0,STOP_HIT,1550
2025-02-19 09:45:00+05:30,2025,2,19,9,45,2,BUY,22989.1,22939.1,23139.1,3.0,trend_pullback_buy,STRONG_UPTREND,22989.1,0.19109988149663454,69.14866153723077,30.480131367575925,2.144428152754699,11.180842110156455,1.02171393214646,0.007099467032654315,0.3216177766916406,0.658090617720708,0.2734548134876391,0.33851258821888663,0.3665276326592304,1,0,3.4150612959719786,0,0.0,0,1,0.6,58.28807882054555,0.33333333333333326,20.0,78.62141215387888,False,True,False,-3750.0,STOP_HIT,1553
2025-02-20 10:00:00+05:30,2025,2,20,10,0,3,SELL,22873.75,22918.96526669336,22738.104199919915,3.0,trend_bounce_sell,STRONG_DOWNTREND,22873.75,0.1949521051111334,40.84114468879438,36.95271622314002,-4.771397266278655,-9.229447084681304,0.20741580038884497,0.007376281803711088,-0.3357181449012647,-0.37478549464716737,-0.08230360048336882,-0.16593753712319526,-0.19728319392791072,0,1,6.0420315236427315,0,0.0,0,2,0.6,72.17162973388402,0.33333333333333326,20.0,92.50496306721735,False,True,True,10173.435006006366,TARGET_HIT,1555
2025-02-28 14:45:00+05:30,2025,2,28,14,45,4,SELL,22169.75,22219.75,22019.75,3.0,trend_bounce_sell,STRONG_DOWNTREND,22169.75,0.1797494333494958,33.70728750831803,48.95703789491189,-103.54575465066591,-20.788030592963125,0.3895809956685383,0.010904117186341187,-0.35283673996830967,-0.2950257135597045,0.039747814226909206,-0.21363450957370134,-0.7282523242126859,0,1,0.0,0,0.0,1,0,0.7,69.37422273694713,0.33333333333333326,20.0,89.70755607028046,False,True,True,11250.0,TARGET_HIT,1556
2025-03-06 14:30:00+05:30,2025,3,6,14,30,3,BUY,22539.0,22489.0,22689.0,3.0,trend_pullback_buy,STRONG_UPTREND,22539.0,0.1917628491566982,65.84397168369975,51.61362908926685,72.4305104252162,12.469773797014767,0.9304640967967518,0.011811419989579654,0.5646415273653727,1.0031301604515264,0.23886553096967855,0.4588237089948821,0.8188539091844804,1,0,0.0,0,0.0,2,0,0.7,70.0,0.33333333333333326,20.0,90.33333333333333,False,True,True,2625.0,STOP_HIT,1557
2025-03-07 11:30:00+05:30,2025,3,7,11,30,4,BUY,22599.1,22549.1,22749.1,3.0,trend_pullback_buy,STRONG_UPTREND,22599.1,0.2112916001079689,61.386563314934705,35.533354217775404,84.07466924143955,8.243522775444433,0.8012804547403322,0.008016462944687377,0.31026401292544303,0.5917791878002898,0.07942923529791202,0.272643475581158,0.678297963160901,1,0,0.0,0,0.0,3,0,0.7,66.32001253066524,0.33333333333333326,20.0,86.65334586399857,False,True,False,-3750.0,STOP_HIT,1558
2025-03-12 10:15:00+05:30,2025,3,12,10,15,2,SELL,22420.9,22470.9,22270.9,3.0,trend_bounce_sell,STRONG_DOWNTREND,22420.9,0.18506329872064683,41.22226010505838,34.47427631398425,-10.732968732281734,-0.39482226506563833,0.05198900900082949,0.005276299715688403,-0.35487705965355776,-0.09847168382123295,-0.187594093590282,-0.22258917018219693,-0.27616906075069725,0,1,2.3708153014806816,0,0.0,0,1,0.6,59.632788439046934,0.33333333333333326,20.0,79.96612177238026,False,True,True,2625.0,STOP_HIT,1559
2025-03-13 13:30:00+05:30,2025,3,13,13,30,3,SELL,22442.75,22458.295721573955,22382.75,3.0,trend_bounce_sell,STRONG_DOWNTREND,22442.75,0.15311976346163172,30.87971891796606,36.463374790852036,-2.6636704842021572,-0.6245476035895661,0.3032505273016828,0.007065089802142234,-0.34147955230210414,-0.13793870626842564,-0.015527299015272167,-0.05737005930296357,-0.06922039751672271,0,1,0.7112445904442046,0,0.0,1,0,0.6,53.12350091040688,0.33333333333333326,20.0,73.45683424374022,False,True,True,816.1503826326225,STOP_HIT,1562
2025-03-13 15:15:00+05:30,2025,3,13,15,15,3,SELL,22383.3,22430.76214285714,22240.913571428577,3.0,trend_bounce_sell,STRONG_DOWNTREND,22383.3,0.11780147316462038,36.77235193268921,39.753072344228734,-12.547124308461207,-7.224860624693603,0.1310558967396663,0.006875374095383074,-0.33705864018879206,-0.6885995075093798,-0.11775456933854622,-0.2099889970385127,-0.2767846259320583,0,1,0.7112445904442046,1,0.007424009784001039,1,0,0.6,63.85184340653724,0.33333333333333326,20.0,84.18517673987057,False,True,False,-3559.6607142855646,STOP_HIT,1563
2025-03-17 10:30:00+05:30,2025,3,17,10,30,0,BUY,22472.45,22428.461714050463,22604.414857848613,3.0,trend_pullback_buy,STRONG_UPTREND,22472.45,0.17203604540543888,67.78338361565125,31.63556630003968,8.629523190440523,16.99588084470161,0.6834849258812357,0.011770028800674574,0.3982880093641228,0.3982880093641228,-0.01439391963761194,0.13348467573632838,0.19612707509932825,1,0,2.445739596858374,0,0.0,0,1,0.6,58.98133978002381,0.33333333333333326,20.0,79.31467311335714,False,True,True,2309.3850123506854,STOP_HIT,1564
2025-03-17 11:00:00+05:30,2025,3,17,11,0,0,BUY,22477.55,22432.965350032748,22611.303949901754,3.0,trend_pullback_buy,STRONG_UPTREND,22477.55,0.17787589331196174,66.00410118613777,37.18776650712118,11.718690529130981,16.36149950698026,0.6608291156294077,0.011955003671818511,0.42107285342196654,0.42107285342196654,-0.008463215539178393,0.12193130244078088,0.1987461277257685,1,0,2.445739596858374,1,0.021380532430690734,0,1,0.6,62.31265990427271,0.33333333333333326,20.0,82.64599323760604,False,True,True,10031.546242631612,TARGET_HIT,1565
2025-03-18 14:45:00+05:30,2025,3,18,14,45,1,BUY,22804.55,22757.512142857144,22945.663571428566,3.0,trend_pullback_buy,STRONG_UPTREND,22804.55,0.11459179355498246,62.15658783477446,39.72353382775298,85.70981233323619,12.322829906943,0.9208012875662408,0.004187664340520993,0.32444964541502586,0.534091009284321,0.10862127349804407,0.29689114329953803,0.7141305716876545,1,0,0.0,0,0.0,2,0,0.7,63.83412029665179,0.33333333333333326,20.0,84.16745362998512,False,True,True,10583.517857142488,TARGET_HIT,1566
2025-03-18 15:00:00+05:30,2025,3,18,15,0,1,BUY,22842.95,22794.112142857142,22989.463571428576,3.0,trend_pullback_buy,STRONG_UPTREND,22842.95,0.11877687801769365,66.38366707446366,35.01629620290117,87.37923864136246,12.593030593562347,1.132083355721205,0.005116338897228685,0.6124498434189718,0.42909869489808905,0.2216304334674346,0.42325579659960866,0.8487706725202715,1,0,0.0,1,0.021169679054066023,2,0,0.7,56.0097777217407,0.33333333333333326,20.0,76.34311105507403,False,True,True,10988.517857143142,TARGET_HIT,1567
2025-03-20 13:00:00+05:30,2025,3,20,13,0,3,BUY,23143.35,23093.35,23293.35,3.0,trend_pullback_buy,STRONG_UPTREND,23143.35,0.13996615504176102,66.8413594227189,33.434638901978964,93.63152921452638,5.030047063092368,0.905902835770987,0.011783307204615161,0.46622778743659055,0.9137168720403821,0.2486930980645008,0.4635330915869762,0.8964445286752554,1,0,0.0,0,0.0,4,0,0.8,55.060783341187374,0.33333333333333326,20.0,75.39411667452072,False,True,True,2625.0,STOP_HIT,1568
2025-03-25 10:15:00+05:30,2025,3,25,10,15,1,BUY,23813.0,23763.0,23963.0,3.0,trend_pullback_buy,STRONG_UPTREND,23813.0,0.20614490284418258,67.50897400605876,28.29135097356689,135.6460379704331,4.156924337342247,0.9588833797547451,0.011105137279883253,0.5283299244127404,0.8113422814530091,0.24720202361061538,0.5261224320406432,1.133331867210674,1,0,0.0,0,0.0,5,0,0.8,56.97481058414013,0.33333333333333326,20.0,77.30814391747347,False,True,False,-3750.0,STOP_HIT,1569
2025-03-26 15:15:00+05:30,2025,3,26,15,15,2,SELL,23464.3,23514.3,23314.3,3.0,trend_bounce_sell,STRONG_DOWNTREND,23464.3,0.17491617965529352,30.039833554701787,45.83520661879535,-16.673305020700354,-31.814857234167796,0.05856496618626193,0.01101734759864361,-0.6389952234154284,-0.8388694490930937,-0.2356760001454572,-0.43402389721631796,-0.5561232596248078,0,1,1.96496708245373,0,0.0,0,1,0.7,67.50112397127721,0.33333333333333326,20.0,87.83445730461054,False,True,False,-3750.0,STOP_HIT,1570
2025-04-04 13:30:00+05:30,2025,4,4,13,30,4,SELL,22903.05,22953.05,22753.05,3.0,trend_bounce_sell,STRONG_DOWNTREND,22903.05,0.18544005523905535,42.051251034934666,61.82590566145165,-90.6717551134243,-23.166339753030286,0.22464577453672618,0.01583500473554763,-0.47798966238721263,-1.5051788905111385,-0.23229263510795573,-0.4980847034902869,-0.9370095937516365,0,1,3.92993416490746,0,0.0,0,2,0.7,80.0,0.33333333333333326,20.0,100.33333333333333,False,True,True,11250.0,TARGET_HIT,1571
2025-04-08 13:45:00+05:30,2025,4,8,13,45,1,BUY,22546.4,22496.4,22696.4,3.0,trend_pullback_buy,STRONG_UPTREND,22546.4,0.48012099492601806,57.37051715837454,36.76972537300038,-12.85236939184324,93.76985009143006,0.6190757478944787,0.023465296892831,0.8198792204104688,1.3868153610936407,-0.11404138775449324,0.3453892642574008,0.42332631223154227,1,0,0.0,0,0.0,1,0,0.7,67.06183522380023,0.33333333333333326,20.0,87.39516855713356,False,True,True,2625.0,STOP_HIT,1572
2025-04-28 11:15:00+05:30,2025,4,28,11,15,0,BUY,24252.9,24202.9,24402.9,3.0,trend_pullback_buy,STRONG_UPTREND,24252.9,0.25506522636762924,63.27788730329551,40.16729190905642,6.864517384135979,31.354600782134696,0.8018235391895481,0.016036382215642738,1.088920520264347,0.9425029498739912,0.15862938447679387,0.4007169834083557,0.46532418745581783,1,0,0.0,0,0.0,2,0,0.7,74.54497774675559,0.33333333333333326,20.0,94.87831108008892,False,True,True,2625.0,STOP_HIT,1573
2025-04-28 13:30:00+05:30,2025,4,28,13,30,0,BUY,24341.95,24291.95,24491.95,3.0,trend_pullback_buy,STRONG_UPTREND,24341.95,0.1484063519972722,61.45550766824754,55.99639479463841,45.426099093565426,34.802462824560045,0.7291710584603802,0.017353031135315857,0.4413038993191787,1.2015158223835254,0.1091848080167157,0.3641809028274823,0.6050525364239334,1,0,0.0,1,0.019014502024878973,2,0,0.7,70.0,0.33333333333333326,20.0,90.33333333333333,False,True,False,-3750.0,STOP_HIT,1574
2025-05-02 10:45:00+05:30,2025,5,2,10,45,4,BUY,24432.0,24382.0,24582.0,3.0,trend_pullback_buy,STRONG_UPTREND,24432.0,0.24267061932827907,69.12365536267367,40.879194989568774,37.07849949552474,31.774413132505096,0.6665125612893568,0.022360403772956762,0.7660978501830229,0.7660978501830229,-0.08097214417647214,0.21369079580471073,0.40986655468422395,1,0,1.8764740487679459,0,0.0,0,1,0.7,64.52751699374127,0.33333333333333326,20.0,84.8608503270746,False,True,False,-3750.0,STOP_HIT,1575
2025-05-02 11:00:00+05:30,2025,5,2,11,0,4,BUY,24422.9,24372.9,24572.9,3.0,trend_pullback_buy,STRONG_UPTREND,24422.9,0.2460366529539293,67.85225873034432,43.400508557189504,37.929605118577456,29.362966880002034,0.6343238870879105,0.022226100253744618,0.7285662731350229,0.7285662731350229,-0.09457293045130877,0.16030608836807847,0.3578088218492592,1,0,1.8764740487679459,1,0.0191235896853173,0,1,0.7,66.0403051343137,0.33333333333333326,20.0,86.37363846764703,False,True,False,-3750.0,STOP_HIT,1576
2025-05-05 10:45:00+05:30,2025,5,5,10,45,0,BUY,24471.1,24421.1,24621.1,3.0,trend_pullback_buy,STRONG_UPTREND,24471.1,0.2424580131548775,59.04531034215095,32.438622355404505,34.81273640699874,13.94831152332328,0.7729981323002169,0.012764798079704891,0.39858127221890083,0.9419310928009406,0.07344450081891996,0.24629066319996618,0.41263381038458835,1,0,5.629422146303837,0,0.0,0,3,0.5,69.4631734132427,0.33333333333333326,20.0,89.79650674657603,False,True,False,-3750.0,STOP_HIT,1577
2025-05-05 11:00:00+05:30,2025,5,5,11,0,0,BUY,24486.2,24436.2,24636.2,3.0,trend_pullback_buy,STRONG_UPTREND,24486.2,0.23866212688896526,60.830525598046584,33.085318091861936,36.854565495272254,14.391126550437114,0.7922552526366691,0.012613705553626757,0.4885676002322814,0.8355536520983531,0.10812697178492758,0.2800561631495446,0.4558974944735894,1,0,5.629422146303837,1,0.019884100441528142,0,3,0.5,64.85119085511717,0.33333333333333326,20.0,85.1845241884505,False,True,False,-3750.0,STOP_HIT,1578
2025-05-07 10:00:00+05:30,2025,5,7,10,0,2,SELL,24304.1,24354.1,24154.1,3.0,trend_bounce_sell,STRONG_DOWNTREND,24304.1,0.20657890173733226,38.90664479522718,36.81776547485847,-9.754158563082456,-9.000774605127422,-0.17370404237260256,0.004503730657706021,-0.34831204987484377,-0.2341843467980942,-0.24458692022070183,-0.3047139603214011,-0.3596516963488061,0,1,9.382370243839729,0,0.0,0,5,0.3,67.09065928491508,0.33333333333333326,20.0,87.4239926182484,False,True,False,-3750.0,STOP_HIT,1579
2025-05-08 15:00:00+05:30,2025,5,8,15,0,3,SELL,24309.15,24359.15,24159.15,3.0,trend_bounce_sell,STRONG_DOWNTREND,24309.15,0.13506084275732674,31.523999503348463,53.56839809191648,-13.796468079235638,-10.136898575816044,0.13459312448912944,0.006947519743220774,-0.3606978683985629,-0.3378219096367263,-0.08697991534685201,-0.1951195968574293,-0.26616905431805504,0,1,11.258844292607675,0,0.0,0,6,0.3,65.0,0.33333333333333326,20.0,85.33333333333333,False,True,True,11250.0,TARGET_HIT,1580
2025-05-09 11:30:00+05:30,2025,5,9,11,30,4,SELL,24057.55,24107.55,23907.55,3.0,trend_bounce_sell,STRONG_DOWNTREND,24057.55,0.36317675146234185,30.051827318845554,85.21161766929723,-87.34885324204515,-37.53363045511878,0.3015637921181087,0.023143144752273904,-0.3997250984304923,-1.3466770825003804,-0.044506461730453584,-0.3865612989089273,-0.8100692164313972,0,1,5.629422146303837,0,0.0,1,0,0.4,65.0,0.33333333333333326,20.0,85.33333333333333,False,True,True,2625.0,STOP_HIT,1581
2025-05-09 14:15:00+05:30,2025,5,9,14,15,4,SELL,23965.45,24015.45,23815.45,3.0,trend_bounce_sell,STRONG_DOWNTREND,23965.45,0.20151032900636973,47.001328936845226,39.00507920158281,-100.76583685028163,-18.65603486133348,0.12005845846355061,0.006309881909758171,-0.3735143606606428,-0.4790123251719125,-0.1397548228057155,-0.3652173593471031,-0.8271326997475126,0,1,4.315890312166275,2,0.019611135588656056,2,0,0.4,73.40304752094968,0.33333333333333326,20.0,93.73638085428301,False,True,False,-3750.0,STOP_HIT,1583
2025-05-09 13:45:00+05:30,2025,5,9,13,45,4,SELL,23980.75,24030.75,23830.75,3.0,trend_bounce_sell,STRONG_DOWNTREND,23980.75,0.1992073999830219,40.83630076192557,50.02004917971406,-100.24170802521985,-22.404427487854193,0.2000036462255654,0.007698533928678888,-0.46962094140010624,-0.7176835402685211,-0.11332015377717441,-0.36162300764553956,-0.8255156938840158,0,1,4.315890312166275,1,0.0,2,0,0.4,80.0,0.33333333333333326,20.0,100.33333333333333,False,True,False,-3750.0,STOP_HIT,1582
2025-05-15 09:30:00+05:30,2025,5,15,9,30,3,SELL,24546.9,24596.9,24396.9,3.0,trend_bounce_sell,STRONG_DOWNTREND,24546.9,0.21623329800737087,38.44851052479151,48.46802537695363,3.613022265944892,-14.456355280073378,-0.08872623232360136,0.006532103786836441,-0.33132346671538304,-0.6236602235946354,-0.3240364099534765,-0.38354017343814606,-0.3911016474753781,0,1,8.068838409702165,0,0.0,0,2,0.2,74.08081522617218,0.33333333333333326,20.0,94.4141485595055,False,True,False,-3750.0,STOP_HIT,1584
2025-05-26 10:45:00+05:30,2025,5,26,10,45,0,BUY,24980.3,24930.3,25130.3,3.0,trend_pullback_buy,STRONG_UPTREND,24980.3,0.2030028233676711,63.442985268659605,28.101898631090137,67.19932828954916,23.592601163736347,0.7016140116696694,0.012910315318089624,0.5799989934068162,0.4455256438609556,0.036066398508549646,0.2473645222550891,0.5650130155057331,1,0,9.945312458470113,0,0.0,0,3,0.2,61.861139178654085,0.33333333333333326,20.0,82.19447251198741,False,True,False,-3750.0,STOP_HIT,1585
2025-05-26 11:00:00+05:30,2025,5,26,11,0,0,BUY,24972.75,24922.75,25122.75,3.0,trend_pullback_buy,STRONG_UPTREND,24972.75,0.20104771343621733,63.32068204869622,28.06270266963204,67.49208013257521,21.496817706086155,0.6616996492502497,0.012942790266218933,0.49093085721758634,0.4139558822346734,0.0046652907863764526,0.1972937428513566,0.513545335008736,1,0,9.945312458470113,1,0.02083705024130571,0,3,0.2,61.83762160177922,0.33333333333333326,20.0,82.17095493511255,False,True,False,-3750.0,STOP_HIT,1586
2025-05-28 11:15:00+05:30,2025,5,28,11,15,2,SELL,24758.7,24808.7,24608.7,3.0,trend_bounce_sell,STRONG_DOWNTREND,24758.7,0.17442642095794383,54.22239953262546,40.54576253051987,-29.418170095203095,-13.257461815489709,0.27925058707169065,0.005734239660615514,-0.3180648771826666,-0.2640563159007847,-0.06090944152004063,-0.1588757581306277,-0.3022229239981411,0,1,13.698260556006003,0,0.0,0,5,0.2,74.32745751831192,0.33333333333333326,20.0,94.66079085164525,False,True,False,-3750.0,STOP_HIT,1587
2025-05-28 11:30:00+05:30,2025,5,28,11,30,2,SELL,24756.35,24806.35,24606.35,3.0,trend_bounce_sell,STRONG_DOWNTREND,24756.35,0.16281537002483432,45.61190373179717,38.67389690203431,-30.298560718369117,-12.724067194790155,0.28535384428749533,0.005649115942632503,-0.32752630074444067,-0.29601467588407093,-0.05632414853222745,-0.15307096468658576,-0.2994994844050636,0,1,13.698260556006003,1,0.02174317760982899,0,5,0.2,73.20433814122059,0.33333333333333326,20.0,93.53767147455392,False,True,True,2625.0,STOP_HIT,1588
2025-06-02 10:30:00+05:30,2025,6,2,10,30,0,SELL,24629.4,24679.4,24479.4,3.0,trend_bounce_sell,STRONG_DOWNTREND,24629.4,0.19593308345774865,30.820970340141926,37.260931499230544,-37.26225476411855,-19.008039278002826,0.26019059782534765,0.013169460126176303,-0.5654142502154791,-0.4542919270222767,-0.031348337480108235,-0.23367612733350418,-0.41256899012545034,0,1,14.261202770636386,0,0.0,1,0,0.3,62.35655889953833,0.33333333333333326,20.0,82.68989223287167,False,True,False,-3750.0,STOP_HIT,1589
2025-06-02 11:00:00+05:30,2025,6,2,11,0,0,SELL,24623.25,24673.25,24473.25,3.0,trend_bounce_sell,STRONG_DOWNTREND,24623.25,0.18727944407941927,30.685900251118113,41.61401988992225,-40.325824422045116,-17.990001292176213,0.2872138719268937,0.013669014964397153,-0.5187532952348639,-0.46044107748872687,-0.03179288113537293,-0.2116159142053209,-0.40294180830010573,0,1,14.261202770636386,1,0.02188593856463962,1,0,0.3,64.96841193395335,0.33333333333333326,20.0,85.30174526728668,False,True,False,-3750.0,STOP_HIT,1590
2025-06-03 11:00:00+05:30,2025,6,3,11,0,1,SELL,24590.2,24640.2,24440.2,3.0,trend_bounce_sell,STRONG_DOWNTREND,24590.2,0.2833010130632759,37.32717384021677,36.21649871195389,-22.6568673738293,-0.8830113289853152,-0.10137346219309341,0.00602006116658671,-0.5411745672221246,-0.5405711489108622,-0.24106023394804277,-0.3089891802610545,-0.4046824031663121,0,1,18.014150868172276,0,0.0,0,2,0.2,60.560012517025484,0.33333333333333326,20.0,80.89334585035883,False,True,True,2625.0,STOP_HIT,1591
2025-06-03 11:30:00+05:30,2025,6,3,11,30,1,SELL,24594.25,24644.25,24444.25,3.0,trend_bounce_sell,STRONG_DOWNTREND,24594.25,0.3008542937591398,41.301119171445926,29.626296159555988,-25.844109959085472,-3.4743600540667856,0.055044097463118176,0.006971136791073488,-0.38922088994282067,-0.4398269029142421,-0.15947803185385467,-0.2499581786422178,-0.3621878808193757,0,1,18.014150868172276,1,0.02288777964293206,0,2,0.2,67.7757776957336,0.33333333333333326,20.0,88.10911102906692,False,True,True,2625.0,STOP_HIT,1592
2025-06-05 10:45:00+05:30,2025,6,5,10,45,3,BUY,24704.55,24654.55,24854.55,3.0,trend_pullback_buy,STRONG_UPTREND,24704.55,0.12113153245049813,68.6292159386368,49.54316133726805,16.802040274222236,20.691470663646047,0.7270079512076556,0.009359845246211071,0.30715947525061793,0.4488872353791251,0.018666068074191244,0.1642246651991197,0.26288929835247554,1,0,15.387087199897154,0,0.0,2,0,0.3,64.72589680236084,0.33333333333333326,20.0,85.05923013569416,False,True,True,11250.0,TARGET_HIT,1593
2025-06-12 10:45:00+05:30,2025,6,12,10,45,3,SELL,25054.5,25104.5,24904.5,3.0,trend_bounce_sell,STRONG_DOWNTREND,25054.5,0.14987327625775831,33.405943346722225,31.719799182988,2.919012593145453,-17.672508741358975,0.054522874913467245,0.0072545903567297195,-0.35951624385064385,-0.6012445424808721,-0.1606065410894808,-0.26795262239414086,-0.27972659624673213,0,1,9.757665053593318,0,0.0,3,0,0.4,54.0318795097928,0.33333333333333326,20.0,74.36521284312613,False,True,True,11250.0,TARGET_HIT,1594
2025-06-12 11:00:00+05:30,2025,6,12,11,0,3,SELL,25046.15,25096.15,24896.15,3.0,trend_bounce_sell,STRONG_DOWNTREND,25046.15,0.148753971597004,34.60215437988673,31.983236605859364,-0.36179670871206326,-18.85798623889484,0.0657963511688668,0.007507541533990917,-0.3929218391764522,-0.608741029105675,-0.1551644559425469,-0.27388468981172087,-0.30072465572345,0,1,9.757665053593318,1,0.020793722257766826,3,0,0.4,54.18994196351562,0.33333333333333326,20.0,74.52327529684896,False,True,True,11250.0,TARGET_HIT,1595
2025-06-16 12:45:00+05:30,2025,6,16,12,45,0,BUY,24921.5,24871.5,25071.5,3.0,trend_pullback_buy,STRONG_UPTREND,24921.5,0.1722408362257501,67.11132219629602,52.712110504873394,-6.69879844033494,39.862293425097526,0.7814115995593777,0.01427781226666229,0.3848795312968889,0.8447056681267773,0.10976544691021495,0.31649636913488877,0.33812246576125915,1,0,0.0,0,0.0,5,0,0.6,70.0,0.33333333333333326,20.0,90.33333333333333,False,True,False,-3750.0,STOP_HIT,1596
2025-06-18 12:00:00+05:30,2025,6,18,12,0,2,SELL,24816.35,24859.72462648444,24686.226120546675,3.0,trend_bounce_sell,STRONG_DOWNTREND,24816.35,0.17338799391760384,43.264412548843865,37.62331253484912,-8.609388279448467,-7.529527413494653,0.243245546359535,0.006242622155179312,-0.4870116850724582,-0.13219741480612335,-0.05325720508216891,-0.13087566935205963,-0.1744775018072131,0,1,1.8487214265257315,1,0.018835428874640812,0,1,0.6,72.57398752090947,0.33333333333333326,20.0,92.9073208542428,False,True,True,2277.1678904332475,STOP_HIT,1598
2025-06-18 11:45:00+05:30,2025,6,18,11,45,2,SELL,24779.45,24829.45,24629.45,3.0,trend_bounce_sell,STRONG_DOWNTREND,24779.45,0.16865934128020105,38.48698419988019,37.168803753680045,-7.34710785405332,-7.103861145154467,-0.019829222524991096,0.0060658986933800636,-0.4729447488070915,-0.2405471995877484,-0.2151559640683809,-0.2924226568305044,-0.33000838983393566,0,1,1.8487214265257315,0,0.0,0,1,0.6,67.30128225220803,0.33333333333333326,20.0,87.63461558554135,False,True,False,-3750.0,STOP_HIT,1597
2025-06-20 15:00:00+05:30,2025,6,20,15,0,4,BUY,25116.6,25066.6,25266.6,3.0,trend_pullback_buy,STRONG_UPTREND,25116.6,0.14089998532558556,66.3798687839016,48.28045758771001,61.25976375587925,18.99891109952963,1.2199440023155559,0.004785526067566403,0.46278333979976605,0.7927669794795422,0.2531863477951646,0.4285362544600657,0.7127538536206846,1,0,2.5748164341607023,0,0.0,0,1,0.6,63.968274552626006,0.33333333333333326,20.0,84.30160788595934,False,True,False,-3750.0,STOP_HIT,1599
2025-06-26 11:00:00+05:30,2025,6,26,11,0,3,BUY,25337.75,25287.75,25487.75,3.0,trend_pullback_buy,STRONG_UPTREND,25337.75,0.17915109724761333,61.838144659430505,28.5783457574449,62.25377782206124,8.33152995056706,0.7101063700244116,0.009608680804720108,0.3522939704065253,0.5248864828836686,0.04322801284462052,0.18969539946982472,0.45676675535970546,1,0,4.423537860686434,0,0.0,0,2,0.6,62.147007454466944,0.33333333333333326,20.0,82.48034078780029,False,True,True,2625.0,STOP_HIT,1600
2025-06-26 11:15:00+05:30,2025,6,26,11,15,3,BUY,25337.35,25287.35,25487.35,3.0,trend_pullback_buy,STRONG_UPTREND,25337.35,0.18436926400861067,60.53239748240579,29.037423102700043,62.28121115442991,7.523066954642168,0.6879183701914894,0.009297701710653684,0.40021635458376004,0.5123332883744114,0.033316151475260014,0.17098324396889186,0.43725259148721385,1,0,4.423537860686434,1,0.019342852676750157,0,2,0.6,62.42245386162003,0.33333333333333326,20.0,82.75578719495337,False,True,True,11250.0,TARGET_HIT,1601
2025-06-26 13:00:00+05:30,2025,6,26,13,0,3,BUY,25392.45,25342.45,25542.45,3.0,trend_pullback_buy,STRONG_UPTREND,25392.45,0.1883011907645228,56.019969658947446,39.28457089135611,67.00672284524626,6.910815191189272,0.7313219260410136,0.00935481166218332,0.33844658352695234,0.5806894994623057,0.08142073086625512,0.22396240807673884,0.5091518974457809,1,0,3.129432862118422,2,0.019342852676750157,1,0,0.7,73.57074253481366,0.33333333333333326,20.0,93.90407586814699,False,True,True,11250.0,TARGET_HIT,1602
2025-07-03 11:45:00+05:30,2025,7,3,11,45,3,BUY,25514.4,25499.933773585446,25574.4,3.0,trend_pullback_buy,STRONG_UPTREND,25514.4,0.15708216312580864,65.9829446616464,46.86644862917924,-0.34117165069983457,10.307699457814127,0.6487002361571946,0.009437305378836098,0.3103935648868017,0.42924029781130635,-0.023813574598696707,0.04803524784666724,0.056730447000385986,1,0,0.0,0,0.0,3,0,0.7,68.11986917750754,0.33333333333333326,20.0,88.45320251084087,False,True,True,759.4768867642415,STOP_HIT,1603
2025-07-15 12:45:00+05:30,2025,7,15,12,45,1,BUY,25208.2,25158.2,25358.2,3.0,trend_pullback_buy,STRONG_UPTREND,25208.2,0.12497350635337562,63.26313888135002,70.45396218235005,-3.1075702756279497,28.67840835352714,0.7382830655382703,0.009166020135177137,0.31138143927862405,0.5961977429086884,0.043733579288640634,0.1806401755681808,0.20553783513685975,1,0,0.0,0,0.0,4,0,0.7,70.0,0.33333333333333326,20.0,90.33333333333333,False,True,False,-3750.0,STOP_HIT,1604
2025-07-22 10:00:00+05:30,2025,7,22,10,0,1,BUY,25111.05,25061.05,25261.05,3.0,trend_pullback_buy,STRONG_UPTREND,25111.05,0.13478699047403134,66.91165872529044,34.79193744209347,8.00631607595642,16.691263840273578,0.8776403847265987,0.0053800109781186245,0.3442571199085531,0.3675192153195006,0.08223758647314394,0.18198633705193146,0.2378481218608508,1,0,1.7064494144589306,1,0.01684563867579475,0,1,0.6,55.87516246525608,0.33333333333333326,20.0,76.20849579858941,False,True,False,-3750.0,STOP_HIT,1606
2025-07-22 09:45:00+05:30,2025,7,22,9,45,1,BUY,25097.55,25049.033541694964,25243.099374915106,3.0,trend_pullback_buy,STRONG_UPTREND,25097.55,0.13315186997478967,65.7402394535114,35.64000620412939,6.03008887568285,16.569621511141516,0.8216869613986763,0.005212433097960284,0.3406317279263993,0.17562381379085945,0.04900165284653646,0.1463525741188354,0.19368594889810353,1,0,1.7064494144589306,0,0.0,0,1,0.6,56.38400372247764,0.33333333333333326,20.0,76.71733705581097,False,True,True,2547.1140610144175,STOP_HIT,1605
2025-07-31 11:00:00+05:30,2025,7,31,11,0,3,SELL,24747.15,24790.43525105646,24617.294246830625,3.0,trend_bounce_sell,STRONG_DOWNTREND,24747.15,0.16864856876737008,31.404404991207286,54.61665355189968,-14.224569269830681,-17.60056151121297,0.3491283663104708,0.01289256159091845,-0.44653363182698413,-0.4429291253054912,0.05829187431867222,-0.09741511852162654,-0.1746046433558024,0,1,2.2538264827903562,0,3.469446951953614e-18,1,0,0.6,70.0,0.33333333333333326,20.0,90.33333333333333,False,True,False,-3246.393829234421,STOP_HIT,1607
2025-08-01 09:30:00+05:30,2025,8,1,9,30,4,SELL,24709.0,24759.0,24559.0,3.0,trend_bounce_sell,STRONG_DOWNTREND,24709.0,0.20544856414377557,31.430260863603593,39.765010921382746,-1.4187480580148986,-9.126842172572232,0.06937368873594457,0.011605335944192757,-0.8532741612212735,-0.1541591658029362,-0.2758679970134015,-0.3925897488695318,-0.40705446006615853,0,1,3.7311083091903945,0,3.469446951953614e-18,0,1,0.5,63.85900655282965,0.33333333333333326,20.0,84.19233988616298,False,True,False,-3750.0,STOP_HIT,1608
2025-08-01 10:30:00+05:30,2025,8,1,10,30,4,SELL,24769.45,24800.42202786825,24676.53391639525,3.0,trend_bounce_sell,STRONG_DOWNTREND,24769.45,0.2027266883773578,31.232937790103207,38.53133111940067,-9.372020336173591,-11.651321319372501,0.3412843437624478,0.013145015765815966,-0.44033120302262585,-0.20105280758762056,0.03246397532856715,-0.07290797726139386,-0.12488508394513653,0,1,5.437557723649325,2,0.017725865380683912,0,2,0.5,63.118798671640405,0.33333333333333326,20.0,83.45213200497375,False,True,True,6968.706270356415,TARGET_HIT,1610
2025-08-01 10:00:00+05:30,2025,8,1,10,0,4,SELL,24745.65,24795.65,24595.65,3.0,trend_bounce_sell,STRONG_DOWNTREND,24745.65,0.20518757842287283,31.3314551376573,40.66979640887449,-7.77528185565825,-12.717315039909142,0.2496971094324288,0.012840613719895777,-0.7183637114990371,-0.2750474532419278,-0.050447180970092376,-0.18621958026987517,-0.23205079523997973,0,1,3.7311083091903945,1,0.01772586538068391,0,1,0.5,64.40187784532469,0.33333333333333326,20.0,84.73521117865802,False,True,True,11250.0,TARGET_HIT,1609
2025-08-01 15:00:00+05:30,2025,8,1,15,0,4,SELL,24545.65,24595.65,24395.65,3.0,trend_bounce_sell,STRONG_DOWNTREND,24545.65,0.17562029466379223,30.54577945370636,54.11856454149581,-48.991388376744,-17.273537905871553,-0.0648045152583434,0.008554424652031023,-0.36451536302360976,-0.8082228593712437,-0.31232467434920697,-0.48336018403679626,-0.7117606975442392,0,1,0.0,4,0.017460217006589483,2,0,0.6,70.0,0.33333333333333326,20.0,90.33333333333333,False,True,False,-3750.0,STOP_HIT,1612
2025-08-01 12:30:00+05:30,2025,8,1,12,30,4,SELL,24635.45,24685.45,24485.45,3.0,trend_bounce_sell,STRONG_DOWNTREND,24635.45,0.20190126713449877,32.21739280133953,53.694584225788795,-33.30947499602189,-20.574351949738563,0.1591448017226814,0.01163299182380498,-0.44533079551355437,-1.1604954121814948,-0.17743397698710694,-0.36081922702768665,-0.5254277830661125,0,1,2.2664257944264032,3,0.017725865380683912,1,0,0.6,70.0,0.33333333333333326,20.0,90.33333333333333,False,True,True,2625.0,STOP_HIT,1611
2025-08-05 11:00:00+05:30,2025,8,5,11,0,1,SELL,24635.0,24677.66493542687,24507.00519371939,3.0,trend_bounce_sell,STRONG_DOWNTREND,24635.0,0.13530400997419512,32.18711216217277,38.64123774990482,-17.780796076287515,-1.1340614536076856,0.26343735056401196,0.0073532783140479036,-0.34082749274351176,-0.23246019017998387,-0.023643631700653867,-0.09866453331152103,-0.1728888674779827,0,1,0.4977348354800233,0,3.469446951953614e-18,1,0,0.5,54.52535718601975,0.33333333333333326,20.0,74.85869051935308,False,True,True,2239.9091099106045,STOP_HIT,1613
2025-08-05 11:15:00+05:30,2025,8,5,11,15,1,SELL,24637.1,24676.074153645422,24520.177539063727,3.0,trend_bounce_sell,STRONG_DOWNTREND,24637.1,0.1376553478870714,32.11551958730007,42.79460548179751,-18.114498174898472,-1.3209871969967786,0.2956299665168343,0.007416130802819795,-0.36316723891794966,-0.2776687161262448,-0.012097317946602182,-0.08195988673983523,-0.15794308852676853,0,1,0.4977348354800233,1,0.014228034293388283,1,0,0.5,58.886635259046294,0.33333333333333326,20.0,79.21996859237963,False,True,True,2046.143066384866,STOP_HIT,1614
2025-08-08 15:00:00+05:30,2025,8,8,15,0,4,SELL,24349.2,24399.2,24199.2,3.0,trend_bounce_sell,STRONG_DOWNTREND,24349.2,0.1622229888456305,34.016843561993454,37.007729664464975,-33.95295925442042,-2.3842788147895995,-0.2908272898378763,0.004070512616129331,-0.3582718651211736,-0.40941867456327774,-0.2391121502384297,-0.33076647202010534,-0.47637726710939576,0,1,0.0,0,3.469446951953614e-18,3,0,0.6,62.20463779867899,0.33333333333333326,20.0,82.53797113201233,False,True,False,-3750.0,STOP_HIT,1615
2025-08-08 15:15:00+05:30,2025,8,8,15,15,4,SELL,24350.85,24400.85,24200.85,3.0,trend_bounce_sell,STRONG_DOWNTREND,24350.85,0.16103867304133415,33.914544649757715,37.27081624093578,-36.066194554790854,-4.0477627036440325,-0.12466632997082698,0.004663696585991043,-0.4456282438363268,-0.47716163416109403,-0.18596798013420512,-0.2946435917822954,-0.4512992746681488,0,1,0.0,1,0.016362326299457358,3,0,0.6,62.362489744561465,0.33333333333333326,20.0,82.6958230778948,False,True,False,-3750.0,STOP_HIT,1616
2025-08-21 11:30:00+05:30,2025,8,21,11,30,3,BUY,25128.65,25078.65,25278.65,3.0,trend_pullback_buy,STRONG_UPTREND,25128.65,0.12012469546002051,68.06603138370777,37.39364802907051,51.325060020477395,2.328361320581685,0.8199835616923445,0.005492319523417357,0.32538632139784696,0.30075878227620034,0.06015870206497187,0.16687027400235088,0.38193314529406663,1,0,3.272465259891471,0,6.938893903907228e-18,0,2,0.5,57.43618881744231,0.33333333333333326,20.0,77.76952215077564,False,True,False,-3750.0,STOP_HIT,1617
2025-08-26 11:15:00+05:30,2025,8,26,11,15,1,SELL,24824.5,24874.5,24674.5,3.0,trend_bounce_sell,STRONG_DOWNTREND,24824.5,0.16874170965894994,31.164481648699336,52.70100485686232,-39.89601145368579,-17.56915749886159,0.3107964238515016,0.01585698220683037,-0.6167291536137931,-0.6606748407337437,0.0037591622071175834,-0.185537876932107,-0.3733748384250335,0,1,4.908697889837206,0,6.938893903907228e-18,0,3,0.5,70.0,0.33333333333333326,20.0,90.33333333333333,False,True,True,11250.0,TARGET_HIT,1618
2025-08-26 11:30:00+05:30,2025,8,26,11,30,1,SELL,24806.25,24856.25,24656.25,3.0,trend_bounce_sell,STRONG_DOWNTREND,24806.25,0.16957132059172916,31.656278313266398,56.35429783539804,-41.37994907892062,-17.147785611686775,0.2871458615570147,0.015708803850254634,-0.6897918413999227,-0.7783735352997923,-0.05581553477509438,-0.23543501628594532,-0.42917722862413354,0,1,4.908697889837206,1,0.01720696418743082,0,3,0.5,70.0,0.33333333333333326,20.0,90.33333333333333,False,True,True,11250.0,TARGET_HIT,1619
2025-08-28 10:30:00+05:30,2025,8,28,10,30,3,SELL,24608.65,24658.65,24458.65,3.0,trend_bounce_sell,STRONG_DOWNTREND,24608.65,0.17235519101733107,32.54047713715008,33.53070245642155,-58.226835786685115,-6.551204628547197,0.2588129134770502,0.010426453789163253,-0.4129789929058991,-0.4129789929058991,-0.03873983109691226,-0.19885736982268032,-0.4511342638480742,0,1,0.0,0,6.938893903907228e-18,2,0,0.6,60.11842147385293,0.33333333333333326,20.0,80.45175480718626,False,True,False,-3750.0,STOP_HIT,1620
2025-08-28 13:15:00+05:30,2025,8,28,13,15,3,SELL,24555.05,24605.05,24405.05,3.0,trend_bounce_sell,STRONG_DOWNTREND,24555.05,0.13622452407956795,42.00487897891967,31.834526241071952,-55.93639230572808,-3.048492977577908,0.2159716776851177,0.008820634512614696,-0.4334612632010071,-0.6298890763920095,-0.14477478104436559,-0.2684243266221409,-0.5070306241304667,0,1,1.5596729945727805,1,6.938893903907228e-18,0,1,0.5,64.10071574464317,0.33333333333333326,20.0,84.4340490779765,False,True,True,2625.0,STOP_HIT,1621
2025-08-28 13:30:00+05:30,2025,8,28,13,30,3,SELL,24552.0,24602.0,24402.0,3.0,trend_bounce_sell,STRONG_DOWNTREND,24552.0,0.13277940697295576,44.366393709861065,28.38641655604501,-56.97004156674666,-3.6739280147368305,0.22348896509483157,0.008345459175398869,-0.4133220301859031,-0.6422319076351601,-0.1257818351813378,-0.255348873361505,-0.49912219290976223,0,1,1.5596729945727805,2,0.015843842071824824,0,1,0.5,62.031849933627,0.33333333333333326,20.0,82.36518326696034,False,True,True,2625.0,STOP_HIT,1622
2025-08-29 10:00:00+05:30,2025,8,29,10,0,4,SELL,24470.85,24520.85,24320.85,3.0,trend_bounce_sell,STRONG_DOWNTREND,24470.85,0.1736176482864877,30.41600637836187,38.578663483951026,-63.840327009922476,-5.0214808908562105,0.024231351759227398,0.006675125906765631,-0.417523790920693,-0.7521404265846909,-0.17684939208298944,-0.31835235806177975,-0.5933607869698432,0,1,0.4679018983718341,0,0.015843842071824824,1,0,0.6,63.147198090370615,0.33333333333333326,20.0,83.48053142370395,False,True,False,-3750.0,STOP_HIT,1623
2025-09-01 14:15:00+05:30,2025,9,1,14,15,0,BUY,24600.95,24563.992142857143,24711.823571428573,3.0,trend_pullback_buy,STRONG_UPTREND,24600.95,0.08346077227563427,67.38058817755096,40.04327527394039,-1.1040157197530789,19.075584493926264,0.8442449803367733,0.00476439459863427,0.3233877002567054,0.28821557057103764,0.05385758338054547,0.15471801881656866,0.17668681144240583,1,0,1.550003003269953,0,6.938893903907228e-18,0,1,0.5,54.02596516436424,0.33333333333333326,20.0,74.35929849769758,False,True,True,8315.517857142913,TARGET_HIT,1624
2025-09-04 11:00:00+05:30,2025,9,4,11,0,3,BUY,24815.5,24765.5,24965.5,3.0,trend_pullback_buy,STRONG_UPTREND,24815.5,0.21769228333673815,67.63557653863595,69.36544443548796,53.339804697341606,25.60811457224836,0.6849965609504371,0.016984394567208093,0.36460555664530325,0.7654200674056977,0.007820685719117648,0.23847082007191212,0.4964530769827835,1,0,0.0,0,6.938893903907228e-18,1,0,0.5,70.0,0.33333333333333326,20.0,90.33333333333333,False,True,False,-3750.0,STOP_HIT,1625
2025-09-04 11:15:00+05:30,2025,9,4,11,15,3,BUY,24823.85,24773.85,24973.85,3.0,trend_pullback_buy,STRONG_UPTREND,24823.85,0.22112950707830126,67.65015834597465,69.14635888124512,54.603542642187676,24.184667265384984,0.6845482745001427,0.016387368255515445,0.4461106435323048,0.9130359665436849,0.0331745619005952,0.2473927690759492,0.5093676863931362,1,0,0.0,1,0.01521294885258274,1,0,0.5,70.0,0.33333333333333326,20.0,90.33333333333333,False,True,False,-3750.0,STOP_HIT,1626
2025-09-05 12:00:00+05:30,2025,9,5,12,0,4,SELL,24651.55,24701.55,24501.55,3.0,trend_bounce_sell,STRONG_DOWNTREND,24651.55,0.19009236451953013,39.434889667522576,31.660704673253463,1.6186401411869156,-20.338383371524934,0.06961320212129661,0.006868145117021608,-0.5137445845953326,-0.5516715547254192,-0.15295471354985768,-0.2734876730916769,-0.2917396027771968,0,1,3.0425897705165466,1,0.015690341580469197,0,2,0.5,63.99642280395208,0.33333333333333326,20.0,84.32975613728541,False,True,False,-3750.0,STOP_HIT,1628
2025-09-05 11:45:00+05:30,2025,9,5,11,45,4,SELL,24668.0,24718.0,24518.0,3.0,trend_bounce_sell,STRONG_DOWNTREND,24668.0,0.19608978665245913,38.286950814367806,33.39772749646794,4.923579988011625,-19.293263899314105,0.11346128669539268,0.006639612141398724,-0.4648310145582535,-0.5921833410907573,-0.12451776089034139,-0.23422479745019986,-0.23708370452977245,0,1,3.0425897705165466,0,6.938893903907228e-18,0,2,0.5,65.03863649788076,0.33333333333333326,20.0,85.37196983121409,False,True,False,-3750.0,STOP_HIT,1627
2025-09-08 10:30:00+05:30,2025,9,8,10,30,0,BUY,24802.0,24752.0,24952.0,3.0,trend_pullback_buy,STRONG_UPTREND,24802.0,0.161349315147397,65.43483872323702,51.410446743034505,16.4410957352884,8.572801647785273,0.7739148669709396,0.009183811882060295,0.30209525504201196,0.6103064513184764,0.07339626346885009,0.17854288630003712,0.25590547960532284,1,0,6.085179541033093,0,6.938893903907228e-18,0,4,0.4,70.0,0.33333333333333326,20.0,90.33333333333333,False,True,True,2625.0,STOP_HIT,1629
2025-09-08 11:15:00+05:30,2025,9,8,11,15,0,BUY,24818.6,24768.6,24968.6,3.0,trend_pullback_buy,STRONG_UPTREND,24818.6,0.14487981939812464,62.47024526139793,49.86722386705145,20.189148061002925,9.37663160775008,0.8131132979436021,0.007126234729652092,0.30168990803811635,0.7046068261449046,0.09597446478790683,0.19807321987559412,0.2928685320975788,1,0,6.085179541033093,1,0.016198666811304347,0,4,0.4,69.92033432023086,0.33333333333333326,20.0,90.2536676535642,False,True,True,2625.0,STOP_HIT,1630
2025-09-10 11:15:00+05:30,2025,9,10,11,15,2,BUY,24989.5,24939.5,25139.5,3.0,trend_pullback_buy,STRONG_UPTREND,24989.5,0.148819647108928,68.18005931537293,46.60733189854141,51.41710328009867,15.007187610928085,0.709615413802365,0.01174088409279041,0.44495715227423904,0.5364869458866162,0.01106765953078348,0.1891769888973771,0.423022804748574,1,0,3.9553667016715104,0,6.938893903907228e-18,2,0,0.5,62.96439913912485,0.33333333333333326,20.0,83.2977324724582,False,True,False,-3750.0,STOP_HIT,1631
2025-09-22 14:45:00+05:30,2025,9,22,14,45,0,SELL,25194.5,25244.5,25044.5,3.0,trend_bounce_sell,STRONG_DOWNTREND,25194.5,0.11996665938994663,30.42870157931297,53.37519638321727,-21.95346625608363,-12.182466174409313,-0.07062671330101371,0.005923399963549788,-0.36698263555222654,-0.48386459691116546,-0.19242274638215928,-0.31135312261155734,-0.4181668967102814,0,1,5.476661586929783,0,6.938893903907228e-18,0,1,0.4,65.0,0.33333333333333326,20.0,85.33333333333333,False,True,True,2625.0,STOP_HIT,1632
2025-09-24 09:45:00+05:30,2025,9,24,9,45,2,SELL,25091.95,25141.95,24941.95,3.0,trend_bounce_sell,STRONG_DOWNTREND,25091.95,0.17336237319140305,33.554113307923046,45.73642823269962,-36.12670677620554,-1.6584853179024677,0.13510053794317567,0.0080518190899015,-0.45523610786021296,-0.03107600673313282,-0.16986571783553783,-0.2695329676170033,-0.4213473901822251,0,1,4.411755167248992,0,6.938893903907228e-18,1,0,0.4,67.44185693961977,0.33333333333333326,20.0,87.7751902729531,False,True,True,2625.0,STOP_HIT,1633
2025-09-24 10:00:00+05:30,2025,9,24,10,0,2,SELL,25094.7,25144.7,24944.7,3.0,trend_bounce_sell,STRONG_DOWNTREND,25094.7,0.17201981750272888,30.724531138050963,46.18081787206859,-37.60537318367642,-2.8234365528360144,0.15638732996467972,0.00816947487997635,-0.4451162181783541,-0.04361568013574457,-0.12718013958319396,-0.23514875224182052,-0.39440191283206527,0,1,4.411755167248992,1,0.015915083365324423,1,0,0.4,67.70849072324116,0.33333333333333326,20.0,88.04182405657448,False,True,True,2625.0,STOP_HIT,1634
2025-09-25 11:45:00+05:30,2025,9,25,11,45,3,SELL,24981.95,25031.95,24831.95,3.0,trend_bounce_sell,STRONG_DOWNTREND,24981.95,0.13003674367179005,32.75986089300406,67.92051944170309,-44.54050528141306,-4.278426396202661,0.05594482716131152,0.006144978555368573,-0.30628085255819393,-0.6010026658178513,-0.14014712929174555,-0.2500086986908845,-0.4391575645920964,0,1,2.2819423278874096,0,6.938893903907228e-18,3,0,0.5,65.0,0.33333333333333326,20.0,85.33333333333333,False,True,True,11250.0,TARGET_HIT,1635
2025-09-25 15:15:00+05:30,2025,9,25,15,15,3,SELL,24904.55,24954.55,24754.55,3.0,trend_bounce_sell,STRONG_DOWNTREND,24904.55,0.12487677954430264,31.78802586712399,41.810157996851615,-55.065869775971805,-7.315027917937151,0.037989362016001296,0.005984969474426484,-0.31720554919587585,-0.5550331322835667,-0.13323699191557514,-0.2769455169464141,-0.5140400570025738,0,1,2.2819423278874096,1,0.015568206342812222,3,0,0.5,60.08609479811097,0.33333333333333326,20.0,80.4194281314443,False,True,True,11250.0,TARGET_HIT,1636
2025-10-01 13:00:00+05:30,2025,10,1,13,0,2,BUY,24770.7,24720.7,24920.7,3.0,trend_pullback_buy,STRONG_UPTREND,24770.7,0.14177175914631904,68.82826388065114,32.36938227632696,8.785796853051579,22.8594504704565,0.7766464743114994,0.00994009015694728,0.4377046355333425,0.5292143358644141,0.07162990274915959,0.21155375551278333,0.280548375498757,1,0,0.0,0,6.938893903907228e-18,5,0,0.7,54.42162936579618,0.33333333333333326,20.0,74.75496269912952,False,True,True,2625.0,STOP_HIT,1637
2025-10-01 15:15:00+05:30,2025,10,1,15,15,2,BUY,24853.4,24803.4,25003.4,3.0,trend_pullback_buy,STRONG_UPTREND,24853.4,0.1375925570402001,63.20335797720754,46.94466329879834,31.36087760695591,22.748892197602277,0.8651871475954064,0.008442511044911427,0.4035792918173353,0.7701680016380497,0.14541733118877964,0.30735573822071593,0.4727694936899729,1,0,0.0,1,0.014238224628940303,5,0,0.7,68.16679797927901,0.33333333333333326,20.0,88.50013131261234,False,True,False,-3750.0,STOP_HIT,1638
2025-10-06 14:45:00+05:30,2025,10,6,14,45,0,BUY,25083.8,25033.8,25233.8,3.0,trend_pullback_buy,STRONG_UPTREND,25083.8,0.11085697883551353,68.70100268285681,47.12329251203492,63.074790628390474,12.509566719290476,0.8870126476861666,0.006040968379109585,0.3111253299208139,0.52176840215441,0.11433915804919259,0.2674519911563644,0.5486706567271238,1,0,1.4097716114782186,0,6.938893903907228e-18,0,1,0.8,63.27397550722095,0.33333333333333326,20.0,83.60730884055428,False,True,True,2625.0,STOP_HIT,1639
2025-10-09 12:30:00+05:30,2025,10,9,12,30,3,BUY,25138.3,25095.06422982107,25268.00731053679,3.0,trend_pullback_buy,STRONG_UPTREND,25138.3,0.16653586644397436,68.73945585846742,28.64004019062863,13.086225987968646,4.593430195346681,0.7519455156827559,0.0073301709873596,0.3853556852941864,0.2712372807664787,0.037079218334512554,0.116387780147309,0.1722879438879943,1,0,0.42293148344346554,0,6.938893903907228e-18,1,0,0.8,57.18402411437718,0.33333333333333326,20.0,77.51735744771051,False,True,True,9728.048290259176,TARGET_HIT,1640
2025-10-14 11:15:00+05:30,2025,10,14,11,15,1,SELL,25141.55,25191.55,24991.55,3.0,trend_bounce_sell,STRONG_DOWNTREND,25141.55,0.16557678992970248,31.97688345320138,37.04238019307878,-1.2053101601813978,-8.008629553880994,-0.062462375844722424,0.005215302950008212,-0.3788066402109713,-0.26241981616729193,-0.21501524988895016,-0.2715881123114716,-0.2881758404913226,0,1,0.0,0,6.938893903907228e-18,2,0,0.8,62.225428115847265,0.33333333333333326,20.0,82.5587614491806,False,True,True,2625.0,STOP_HIT,1641
2025-10-14 11:30:00+05:30,2025,10,14,11,30,1,SELL,25144.85,25194.85,24994.85,3.0,trend_bounce_sell,STRONG_DOWNTREND,25144.85,0.16696119824593242,33.30563098220372,35.95968063564884,-3.846461027605983,-9.58480237917502,0.03806014084009132,0.005787981534931682,-0.36573067878109544,-0.2584291947639872,-0.1615994914013874,-0.23505348963035466,-0.264328734265562,0,1,0.0,1,0.013656049141732423,2,0,0.8,61.57580838138931,0.33333333333333326,20.0,81.90914171472264,False,True,True,2625.0,STOP_HIT,1642
2025-10-15 11:30:00+05:30,2025,10,15,11,30,2,BUY,25304.85,25254.85,25454.85,3.0,trend_pullback_buy,STRONG_UPTREND,25304.85,0.1737668019033091,66.41068146955931,53.49606661463173,16.99722914299855,20.801784977227456,0.8222590601103542,0.012262351988545186,0.7224355032270813,0.8802406309985855,0.11833929370990148,0.29777644821282756,0.3910633814354414,1,0,0.0,0,6.938893903907228e-18,4,0,0.9,70.0,0.33333333333333326,20.0,90.33333333333333,False,True,True,11250.0,TARGET_HIT,1643
2025-10-20 11:30:00+05:30,2025,10,20,11,30,0,BUY,25842.5,25792.5,25992.5,3.0,trend_pullback_buy,STRONG_UPTREND,25842.5,0.20439751793142527,62.992563122024116,42.80249251823322,97.51950491590105,3.778021405388529,0.7031008485439579,0.013061745707542129,0.5360887308546669,0.6768931093255492,0.014004602507955433,0.20090376928485476,0.6013532444959502,1,0,0.0,1,0.012882012594763024,5,0,0.9,70.68149551093992,0.33333333333333326,20.0,91.01482884427325,False,True,True,2625.0,STOP_HIT,1645
2025-10-20 11:15:00+05:30,2025,10,20,11,15,0,BUY,25854.9,25804.9,26004.9,3.0,trend_pullback_buy,STRONG_UPTREND,25854.9,0.2129604612112759,68.74311553673527,41.49006915998027,98.27853216364383,4.9568288092855965,0.7610118177656096,0.013302797138338505,0.5843289359533488,0.5980265512894434,0.06549773991775254,0.2691275883466959,0.6743353116438477,1,0,0.0,0,6.938893903907228e-18,5,0,0.9,64.89404149598816,0.33333333333333326,20.0,85.22737482932149,False,True,True,11250.0,TARGET_HIT,1644
2025-10-24 14:00:00+05:30,2025,10,24,14,0,4,SELL,25755.4,25805.4,25605.4,3.0,trend_bounce_sell,STRONG_DOWNTREND,25755.4,0.14833227761390458,39.25573921242983,39.03103207586761,-38.170850867674744,-24.94257380339795,0.14494752578288922,0.007498423501533465,-0.3162119587724499,-0.44413864547375725,-0.10633105862108971,-0.2811089577594461,-0.46798600460443707,0,1,0.0,0,6.938893903907228e-18,7,0,0.9,63.41861924552056,0.33333333333333326,20.0,83.75195257885389,False,True,False,-3750.0,STOP_HIT,1646
2025-10-24 14:30:00+05:30,2025,10,24,14,30,4,SELL,25752.5,25802.5,25602.5,3.0,trend_bounce_sell,STRONG_DOWNTREND,25752.5,0.1500131748651316,38.852296890564375,38.899012561179404,-41.14026737000677,-22.773039324865096,0.17442378562250055,0.00696885111221416,-0.3789102317367843,-0.5829328083077567,-0.08961068549341311,-0.24910041830905616,-0.44585904476662774,0,1,0.0,1,0.012295945455156975,7,0,0.9,68.33940753670764,0.33333333333333326,20.0,88.67274087004097,False,True,False,-3750.0,STOP_HIT,1647
2025-10-28 11:45:00+05:30,2025,10,28,11,45,1,SELL,25848.65,25898.65,25698.65,3.0,trend_bounce_sell,STRONG_DOWNTREND,25848.65,0.16983478827714366,30.977449666853673,35.63204148926861,0.6814633010180842,-11.622643327352055,0.08555436504229469,0.007804052859020597,-0.5394621154841239,-0.35043013467850326,-0.1541182327921775,-0.2558066973218476,-0.2649601594761464,0,1,2.459189091031394,0,6.938893903907228e-18,0,2,0.7,61.379224893561165,0.33333333333333326,20.0,81.7125582268945,False,True,False,-3750.0,STOP_HIT,1648
2025-10-28 12:15:00+05:30,2025,10,28,12,15,1,SELL,25863.25,25912.424412915418,25715.726761253747,3.0,trend_bounce_sell,STRONG_DOWNTREND,25863.25,0.17726476205205435,31.339363521115658,39.20036055085376,-4.138466947155393,-13.485063416936304,0.23198808798394746,0.008589235217209062,-0.4122016303238718,-0.35061695098105305,-0.05045288845690887,-0.15866429852331443,-0.1897715633698449,0,1,2.459189091031394,1,0.012605949592353036,0,2,0.7,63.520216330512255,0.33333333333333326,20.0,83.8535496638456,False,True,False,-3688.0809686563225,STOP_HIT,1649
2025-10-29 12:15:00+05:30,2025,10,29,12,15,2,BUY,26065.3,26015.3,26215.3,3.0,trend_pullback_buy,STRONG_UPTREND,26065.3,0.1384846081626855,69.70375706011865,50.50931683455337,32.6384063445912,16.700209256142088,0.772579018327625,0.011924865186969183,0.31404303467172934,0.7068523530514126,0.11265281445367314,0.2602948952842299,0.411230590023437,1,0,4.898075434541781,0,5.204170427930421e-18,0,4,0.6,65.0,0.33333333333333326,20.0,85.33333333333333,False,True,False,-3750.0,STOP_HIT,1650
2025-10-30 11:30:00+05:30,2025,10,30,11,30,3,SELL,25931.8,25979.941431421747,25787.375705734758,3.0,trend_bounce_sell,STRONG_DOWNTREND,25931.8,0.1543333998080688,32.79176479669398,35.673478136046434,3.1820210502046393,-17.04193786261311,0.24132210084440195,0.009950126771713497,-0.523624478773066,-0.5692046663663186,-0.07462062529517421,-0.17916905703793118,-0.1853023092789674,0,1,6.127669980057477,0,5.204170427930421e-18,0,5,0.5,61.40408688162786,0.33333333333333326,20.0,81.73742021496119,False,True,True,2527.42514964184,STOP_HIT,1651
2025-10-31 11:30:00+05:30,2025,10,31,11,30,4,SELL,25806.25,25856.25,25656.25,3.0,trend_bounce_sell,STRONG_DOWNTREND,25806.25,0.16521468359685787,32.75452969896027,55.5877968740992,-37.37067990716605,-15.312456829606123,0.17829358477721374,0.007286211800994431,-0.3281037572611556,-0.4505642661646658,-0.0735655413319325,-0.21947917002675954,-0.38967590844104505,0,1,5.2989477992044725,1,0.012983958646083218,1,0,0.5,70.0,0.33333333333333326,20.0,90.33333333333333,False,True,True,2625.0,STOP_HIT,1653
2025-10-31 10:30:00+05:30,2025,10,31,10,30,4,SELL,25818.75,25868.75,25668.75,3.0,trend_bounce_sell,STRONG_DOWNTREND,25818.75,0.1656050074350724,36.983210503483775,45.85065977699946,-26.02736669553269,-10.298835162872242,-0.13909487467747508,0.004442633646965728,-0.3314083213020069,-0.36083319665408675,-0.21406890894453134,-0.3003033731851512,-0.4191620912439742,0,1,5.2989477992044725,0,5.204170427930421e-18,1,0,0.5,72.51039586619967,0.33333333333333326,20.0,92.843729199533,False,True,True,11250.0,TARGET_HIT,1652
2025-11-07 11:00:00+05:30,2025,11,7,11,0,4,SELL,25410.55,25460.55,25260.55,3.0,trend_bounce_sell,STRONG_DOWNTREND,25410.55,0.18768919658510608,32.159746871346556,42.14040189433701,-60.386068852225435,-17.832842621515496,0.3365566063452514,0.015387918111647005,-0.3531289459855813,-0.5858694929245734,0.04933106732374348,-0.16066436469429624,-0.4267588218330953,0,1,0.7494479807963942,0,3.469446951953614e-18,3,0,0.5,65.2842411366022,0.33333333333333326,20.0,85.61757446993553,False,True,False,-3750.0,STOP_HIT,1654
2025-11-07 11:15:00+05:30,2025,11,7,11,15,4,SELL,25439.7,25489.7,25289.7,3.0,trend_bounce_sell,STRONG_DOWNTREND,25439.7,0.18788125870756295,37.778716982001434,43.70100795897036,-59.13178813012928,-14.92070570947741,0.4274974430288303,0.014812420937926184,-0.31445986375364665,-0.5916119275841902,0.13123995781221254,-0.041940432519749216,-0.3003128914883302,0,1,0.7494479807963942,1,0.012388793014247293,3,0,0.5,71.22060477538221,0.33333333333333326,20.0,91.55393810871554,False,True,False,-3750.0,STOP_HIT,1655
2025-11-10 10:15:00+05:30,2025,11,10,10,15,0,BUY,25615.6,25565.6,25765.6,3.0,trend_pullback_buy,STRONG_UPTREND,25615.6,0.15767456438375743,63.80985717270881,36.405017350977246,-3.2182469775470963,21.13808676060236,1.1046004517894379,0.006504531423051676,0.32271708990647685,0.6991577478353994,0.24620271058819476,0.3719911926923114,0.3852144956007608,1,0,3.2086370718277877,0,3.469446951953614e-18,0,2,0.3,66.84301041058634,0.33333333333333326,20.0,87.17634374391967,False,True,False,-3750.0,STOP_HIT,1656
2025-11-10 10:30:00+05:30,2025,11,10,10,30,0,BUY,25601.45,25551.45,25751.45,3.0,trend_pullback_buy,STRONG_UPTREND,25601.45,0.15914277176822894,60.29125610200686,32.52611932253392,0.30786928585075657,22.197782721600188,0.9566642713766719,0.006766253701735465,0.34766930260359263,0.5759216809370304,0.1526033047598352,0.28768623992878606,0.31678912123007663,1,0,3.2086370718277877,1,0.012703556477742394,0,2,0.3,64.51567159352035,0.33333333333333326,20.0,84.84900492685368,False,True,False,-3750.0,STOP_HIT,1657
2025-11-14 11:30:00+05:30,2025,11,14,11,30,4,SELL,25789.95,25839.95,25639.95,3.0,trend_bounce_sell,STRONG_DOWNTREND,25789.95,0.19139515309534802,32.72340682100102,40.658218760581114,6.249290132720489,-27.409473503896912,0.21002568854222106,0.010049295522578184,-0.36373681140158265,-0.7236906684322642,-0.12474889639458864,-0.24584738235642334,-0.25571540684267147,0,1,5.667826162859181,0,3.469446951953614e-18,0,4,0.3,64.39493125634867,0.33333333333333326,20.0,84.728264589682,False,True,False,-3750.0,STOP_HIT,1658
2025-11-17 10:00:00+05:30,2025,11,17,10,0,0,BUY,25949.3,25899.3,26099.3,3.0,trend_pullback_buy,STRONG_UPTREND,25949.3,0.16773092145067758,69.7282614139004,28.98165589768063,14.779911466386693,11.269880472993144,0.831088233094979,0.01200027175986131,0.678580296728537,0.6178763433042578,0.1286488346617931,0.2848800652168526,0.3521848378430503,1,0,6.897420708374878,0,3.469446951953614e-18,0,5,0.3,57.388993538608375,0.33333333333333326,20.0,77.7223268719417,False,True,True,2625.0,STOP_HIT,1659
2025-11-17 10:15:00+05:30,2025,11,17,10,15,0,BUY,25939.35,25889.35,26089.35,3.0,trend_pullback_buy,STRONG_UPTREND,25939.35,0.1706590841438111,66.32917075181629,31.5185271314454,16.953621165917866,12.099231155271886,0.7699149944897155,0.012215880668647427,0.602505429723843,0.5812454317559945,0.07219137184535374,0.2239742145203394,0.30136653181356277,1,0,6.897420708374878,1,0.013206879496477099,0,5,0.3,58.91111627886724,0.33333333333333326,20.0,79.24444961220058,False,True,True,2625.0,STOP_HIT,1660
2025-11-27 09:45:00+05:30,2025,11,27,9,45,3,BUY,26283.9,26233.9,26433.9,3.0,trend_pullback_buy,STRONG_UPTREND,26283.9,0.14843415822722567,66.08345035312372,59.20308117297707,53.34248622905943,21.106363469277696,1.0678119577931235,0.0063524283382553875,0.3776971548596686,0.5833966350891284,0.21095051947663812,0.38778526205878183,0.6294363231337918,1,0,5.175988344652903,0,3.469446951953614e-18,2,0,0.5,65.0,0.33333333333333326,20.0,85.33333333333333,False,True,False,-3750.0,STOP_HIT,1661
2025-11-27 10:00:00+05:30,2025,11,27,10,0,3,BUY,26282.7,26232.7,26432.7,3.0,trend_pullback_buy,STRONG_UPTREND,26282.7,0.1515662937434675,64.60281266606145,57.444064808308056,55.88540778099923,21.284356519095745,0.9920929056526748,0.006607583088725914,0.3248389165419807,0.618849548544187,0.16503216761514228,0.34824416110590395,0.6001913750068644,1,0,5.175988344652903,1,0.012967122188258112,2,0,0.5,75.0,0.33333333333333326,20.0,95.33333333333333,False,True,False,-3750.0,STOP_HIT,1662
2025-12-02 09:30:00+05:30,2025,12,2,9,30,1,SELL,26079.3,26129.3,25929.3,3.0,trend_bounce_sell,STRONG_DOWNTREND,26079.3,0.14201191859334525,35.77462187520128,58.868245525051876,-13.74430634786404,-13.259022529372766,-0.21898402665841774,0.0053405748475682125,-0.4261021958008371,-0.6215132762247388,-0.27733952699833253,-0.37687222917244245,-0.44840711094641383,0,1,7.635177435684295,0,3.469446951953614e-18,0,2,0.3,70.0,0.33333333333333326,20.0,90.33333333333333,False,True,True,2625.0,STOP_HIT,1663
2025-12-02 09:45:00+05:30,2025,12,2,9,45,1,SELL,26075.1,26125.1,25925.1,3.0,trend_bounce_sell,STRONG_DOWNTREND,26075.1,0.13911739552293145,30.74480966613997,56.317620660743806,-17.546090975316474,-15.354726441142681,-0.12458847245041835,0.005879335490732151,-0.41209945384410585,-0.6568244594723383,-0.23485748534948225,-0.3573242365184415,-0.44630759182041624,0,1,7.635177435684295,1,0.013312368403669079,0,2,0.3,65.0,0.33333333333333326,20.0,85.33333333333333,False,True,True,2625.0,STOP_HIT,1664
2025-12-03 11:30:00+05:30,2025,12,3,11,30,2,SELL,25930.55,25980.55,25780.55,3.0,trend_bounce_sell,STRONG_DOWNTREND,25930.55,0.14848729174110034,35.28412892098345,47.44573283803464,-62.76861910343723,-12.297044523013732,0.27142191883215716,0.009034975500448721,-0.4852822658019007,-0.4042510696809831,-0.022924792709400066,-0.18178386477398778,-0.4493135723965369,0,1,5.913745071962321,0,3.469446951953614e-18,2,0,0.4,68.46743970282078,0.33333333333333326,20.0,88.80077303615411,False,True,False,-3750.0,STOP_HIT,1665
2025-12-05 11:15:00+05:30,2025,12,5,11,15,4,BUY,26139.3,26089.3,26289.3,3.0,trend_pullback_buy,STRONG_UPTREND,26139.3,0.18222424799877002,68.86450945403959,29.572070809568594,15.509450158617256,15.901290483873618,0.9954419675882886,0.007607411567138307,0.469691087784585,0.5264898624742331,0.1854160840718544,0.3124265055955977,0.39545025486500407,1,0,7.143339617478017,0,3.469446951953614e-18,0,1,0.4,57.743242485741156,0.33333333333333326,20.0,78.07657581907449,False,True,True,2625.0,STOP_HIT,1666
2025-12-05 11:45:00+05:30,2025,12,5,11,45,4,BUY,26133.05,26083.05,26283.05,3.0,trend_pullback_buy,STRONG_UPTREND,26133.05,0.17156709333856782,65.76904454094313,32.98524547879186,20.798271360366925,17.36922498940711,0.85279748422736,0.008593786165266072,0.3671634511059896,0.4510737746822091,0.09802996802030783,0.23554535963454803,0.3415445424786556,1,0,7.143339617478017,1,0.013241856216348897,0,1,0.4,59.791147287275116,0.33333333333333326,20.0,80.12448062060845,False,True,True,2625.0,STOP_HIT,1667
2025-12-08 15:30:00+05:30,2025,12,8,15,30,0,SELL,25932.8,25982.8,25782.8,3.0,trend_bounce_sell,STRONG_DOWNTREND,25932.8,0.14551345896206339,30.601654646796277,72.08236229308054,-35.96433170079399,-23.385241589371333,0.2597702108060679,0.00926570103297473,-0.37418075927192485,-0.6284295392538497,-0.06093570080495381,-0.2184808213007705,-0.39105384255463393,0,1,5.421907253756042,0,3.469446951953614e-18,2,0,0.6,65.0,0.33333333333333326,20.0,85.33333333333333,False,True,True,11250.0,TARGET_HIT,1668
2025-12-09 10:30:00+05:30,2025,12,9,10,30,1,SELL,25812.75,25862.75,25662.75,3.0,trend_bounce_sell,STRONG_DOWNTREND,25812.75,0.19036827038686402,36.6902632580667,61.040636369576035,-66.49580067118222,-32.363673845013416,0.2394848264283135,0.014056217485039327,-0.4471878651841399,-0.8548009817440194,-0.0782937350933599,-0.34384326481829985,-0.6501420718435957,0,1,1.7331236172089517,1,0.012512807883766512,3,0,0.7,75.0,0.33333333333333326,20.0,95.33333333333333,False,True,False,-3750.0,STOP_HIT,1670
2025-12-09 10:15:00+05:30,2025,12,9,10,15,1,SELL,25822.35,25872.35,25672.35,3.0,trend_bounce_sell,STRONG_DOWNTREND,25822.35,0.19267638858806754,34.6192136863568,64.46053555278814,-64.27102038053272,-33.73485731492096,0.23925495793741394,0.014263818651109643,-0.3926840417140087,-0.9096525629907148,-0.06069348414023956,-0.34104727988377714,-0.6395596375122103,0,1,1.7331236172089517,0,3.469446951953614e-18,3,0,0.7,70.0,0.33333333333333326,20.0,90.33333333333333,False,True,False,-3750.0,STOP_HIT,1669
2025-12-09 11:00:00+05:30,2025,12,9,11,0,1,SELL,25865.0,25915.0,25715.0,3.0,trend_bounce_sell,STRONG_DOWNTREND,25865.0,0.19934550274778243,44.4492983617578,51.582666410964535,-67.00991641921064,-26.575758026144563,0.4248290197887346,0.012945819877373983,-0.40872275582714,-0.5794566752832409,0.10142739900411701,-0.10610197813513134,-0.40949606401485816,0,1,2.962718162724648,2,0.012512807883766512,0,1,0.6,80.0,0.33333333333333326,20.0,100.33333333333333,False,True,False,-3750.0,STOP_HIT,1671
2025-12-11 09:30:00+05:30,2025,12,11,9,30,3,SELL,25712.25,25762.25,25562.25,3.0,trend_bounce_sell,STRONG_DOWNTREND,25712.25,0.15572066121901398,41.33277443471436,29.415375983943242,-47.2776422570023,-4.916027629442013,0.038719026379151186,0.006363337214172025,-0.4367852143558282,-0.6276413400761016,-0.18099217917162402,-0.29098806491104634,-0.48620767098402906,0,1,5.421907253756042,0,3.469446951953614e-18,0,3,0.5,67.64922559036594,0.33333333333333326,20.0,87.98255892369927,False,True,False,-3750.0,STOP_HIT,1672
2025-12-12 10:00:00+05:30,2025,12,12,10,0,4,BUY,25989.15,25939.15,26139.15,3.0,trend_pullback_buy,STRONG_UPTREND,25989.15,0.14185864925500444,69.81633320654743,38.60436577440799,24.47553633086136,24.76397793834379,0.87501604710803,0.008398985733803354,0.4753307405030549,0.6017333947518244,0.12488963973227296,0.3025024156668499,0.43321282188397703,1,0,6.651501799271739,0,3.469446951953614e-18,0,4,0.5,58.16261946464479,0.33333333333333326,20.0,78.49595279797813,False,True,True,2625.0,STOP_HIT,1673
2025-12-12 10:30:00+05:30,2025,12,12,10,30,4,BUY,25960.85,25910.85,26110.85,3.0,trend_pullback_buy,STRONG_UPTREND,25960.85,0.15515120432717447,62.47645845767003,37.211089594888776,27.164859231394075,22.34860018963536,0.7012777651811484,0.008323411797391697,0.3102716132385108,0.3255837320204291,0.01049017442940059,0.1598587949170449,0.2989534485079659,1,0,6.651501799271739,1,0.013172087063165033,0,4,0.5,67.32665375693327,0.33333333333333326,20.0,87.6599870902666,False,True,True,2625.0,STOP_HIT,1674
2025-12-19 11:30:00+05:30,2025,12,19,11,30,4,BUY,25913.4,25874.703362052343,26029.489913842976,3.0,trend_pullback_buy,STRONG_UPTREND,25913.4,0.13826271901244755,69.32023325874857,29.409020551437248,19.899896273851482,16.618003424881284,0.6036367251608938,0.010993356741547462,0.37864628626433916,0.1298309878747128,-0.06394363378796619,0.04792242815623293,0.14955393847881915,1,0,4.930069435549763,1,0.012933579926011672,2,0,0.5,52.64541233086235,0.33333333333333326,20.0,72.97874566419569,False,True,True,2031.5734922519368,STOP_HIT,1676
2025-12-19 10:00:00+05:30,2025,12,19,10,0,4,BUY,25935.6,25885.6,26085.6,3.0,trend_pullback_buy,STRONG_UPTREND,25935.6,0.14917443866455873,59.138281056031744,28.209652685535264,6.127231059981568,14.970796116143951,0.8235434443578518,0.008661720622754887,0.5051297701049062,0.3251255727412916,0.15519041491227625,0.2694234052063038,0.3126777679971049,1,0,4.930069435549763,0,3.469446951953614e-18,2,0,0.5,61.92579161132116,0.33333333333333326,20.0,82.2591249446545,False,True,True,11250.0,TARGET_HIT,1675
